[Licensing::Module] Trying to connect to existing licensing client channel...
Built from '6000.5/staging' branch; Version is '6000.5.9f1 (b57deb96f08d) revision 11894251'; Using compiler version '194234433'; Build Type 'Release'
[Licensing::IpcConnector] Successfully connected to: "LicenseClient-hugol" at "2026-08-27T13:22:03.19993Z"
OS: 'Windows 11  (10.0.26200) Core' Language: 'fr' Physical Memory: 32038 MB
BatchMode: 0, IsHumanControllingUs: 1, StartBugReporterOnCrash: 1, Is64bit: 1
System  architecture: x64
Process architecture: x64
Date: 2026-08-27T13:22:03Z

COMMAND LINE ARGUMENTS:
C:\Program Files\Unity\Hub\Editor\6000.5.9f1\Editor\Unity.exe
-projectPath
C:\Users\hugol\FlappyBird
Successfully changed project path to: C:\Users\hugol\FlappyBird
C:/Users/hugol/FlappyBird
[UnityMemory] Configuration Parameters - Can be set up in boot.config
    "memorysetup-temp-allocator-size-gi-baking-worker=262144"
    "memorysetup-temp-allocator-size-gi-baking-worker=262144"
    "memorysetup-temp-allocator-size-gi-baking-worker=262144"
    "memorysetup-temp-allocator-size-gi-baking-worker=262144"
    "memorysetup-temp-allocator-size-gi-baking-worker=262144"
    "memorysetup-temp-allocator-size-nav-mesh-worker=65536"
    "memorysetup-temp-allocator-size-audio-worker=65536"
    "memorysetup-temp-allocator-size-cloud-worker=32768"
    "memorysetup-temp-allocator-size-gfx=262144"
    "memorysetup-remapper-allocator-initial-capacity=32768"
    "memorysetup-temp-allocator-size-preload-manager=33554432"
    "memorysetup-allocator-temp-initial-block-size-main=262144"
    "memorysetup-allocator-temp-initial-block-size-worker=262144"
    "memorysetup-temp-allocator-size-job-worker=262144"
    "memorysetup-temp-allocator-size-background-worker=32768"
    "memorysetup-bucket-allocator-granularity=16"
    "memorysetup-bucket-allocator-bucket-count=8"
    "memorysetup-bucket-allocator-block-size=33554432"
    "memorysetup-bucket-allocator-block-count=8"
    "memorysetup-main-allocator-block-size=16777216"
    "memorysetup-thread-allocator-block-size=16777216"
    "memorysetup-main-allocator-mimalloc-enabled=0"
    "memorysetup-gfx-main-allocator-block-size=16777216"
    "memorysetup-gfx-thread-allocator-block-size=16777216"
    "memorysetup-cache-allocator-block-size=4194304"
    "memorysetup-typetree-allocator-block-size=2097152"
    "memorysetup-profiler-bucket-allocator-granularity=16"
    "memorysetup-profiler-bucket-allocator-bucket-count=8"
    "memorysetup-profiler-bucket-allocator-block-size=33554432"
    "memorysetup-profiler-bucket-allocator-block-count=8"
    "memorysetup-profiler-allocator-block-size=16777216"
    "memorysetup-profiler-editor-allocator-block-size=1048576"
    "memorysetup-temp-allocator-size-main=16777216"
    "memorysetup-job-temp-allocator-block-size=2097152"
    "memorysetup-job-temp-allocator-block-size-background=1048576"
    "memorysetup-job-temp-allocator-reduction-small-platforms=262144"
Player connection [6800]  Target information:

Player connection [6800]  * "[IP] 100.104.164.26 [Port] 55504 [Flags] 2 [Guid] 2125952356 [EditorId] 2125952356 [Version] 1048832 [Id] WindowsEditor(7,D3M0N) [Debug] 1 [PackageName] WindowsEditor [ProjectName] Editor" 

Player connection [6800]  * "[IP] 10.101.3.41 [Port] 55504 [Flags] 2 [Guid] 2125952356 [EditorId] 2125952356 [Version] 1048832 [Id] WindowsEditor(7,D3M0N) [Debug] 1 [PackageName] WindowsEditor [ProjectName] Editor" 

Player connection [6800] Host joined multi-casting on [225.0.0.222:54997]...
Player connection [6800] Host joined alternative multi-casting on [225.0.0.222:34997]...
Input System module state changed to: Initialized.
[Physics::Module] Initialized fallback backend.
[Physics::Module] Id: 0xdecafbad
[Package Manager] Connected to IPC stream "Upm-16676" after 0.3 seconds.
[Licensing::Module] Licensing is not yet initialized.
[Licensing::Client] Error: HandshakeResponse reported an error:
	ResponseCode: 505
	ResponseStatus: Unsupported protocol version '1.18.3'.
[Licensing::Module] Error: Failed to handshake to channel: "LicenseClient-hugol"
[Licensing::IpcConnector] LicenseClient-hugol channel disconnected successfully.
[Licensing::IpcConnector] Channel LicenseClient-hugol-6000.5.9 doesn't exist
[Licensing::Module] Successfully launched the LicensingClient (PId: 20204)
[Licensing::IpcConnector] Successfully connected to: "LicenseClient-hugol-6000.5.9" at "2026-08-27T13:22:04.3794657Z"
[Licensing::Client] Code 10 while verifying Licensing Client signature (process Id: 20204, path: "C:/Program Files/Unity/Hub/Editor/6000.5.9f1/Editor/Data/Resources/Licensing/Client/Unity.Licensing.Client.exe")
[Licensing::Module] LicensingClient has failed validation; ignoring
[Licensing::Client] Handshaking with LicensingClient:
  Version:                 1.18.3+d7ffd15
  Session Id:              a2391f91049f4b94a9c853a71ea5223f
  Correlation Id:          5bd2e977b065c8fc543ee805875d5bad
  External correlation Id: 995478482621860691
  Machine Id:              9iES2ditFyZaD8PjG4HibELgS9E=
[Licensing::Module] Successfully connected to LicensingClient on channel: "LicenseClient-hugol-6000.5.9" (connect: 0.24s, validation: 0.08s, handshake: 0.01s)
[Licensing::IpcConnector] Successfully connected to: "LicenseClient-hugol-6000.5.9-notifications" at "2026-08-27T13:22:04.4662631Z"
[Licensing::Module] Connected to LicensingClient (PId: 20204, launch time: 0.01, total connection time: 0.33s)
[Licensing::Module] Error: Access token is unavailable; failed to update
[Licensing::Client] Successfully resolved entitlement details
[Licensing::Module] License group:
  Id: 9071107293460-UnityPersXXXX
  Product: Unity Personal
  Type: Assigned
  Expiration: Unlimited
[Licensing::Client] Successfully updated license, isAsync: True, time: 0.01
[Licensing::Client] Successfully resolved entitlement details
[Licensing::Module] Licensing Background thread has ended after 1.30s
[Licensing::Module] Licensing is initialized (took 0.90s).
[Licensing::Client] Successfully resolved entitlement details
Library Redirect Path: Library/
[Physics::Module] Selected backend.
[Physics::Module] Name: PhysX
[Physics::Module] Id: 0xf2b8ea05
[Physics::Module] SDK Version: 4.1.2
[Physics::Module] Integration Version: 1.0.0
[Physics::Module] Threading Mode: Multi-Threaded
Initialize engine version: 6000.5.9f1 (b57deb96f08d)
[Subsystems] Discovering subsystems at path C:/Program Files/Unity/Hub/Editor/6000.5.9f1/Editor/Data/Resources/UnitySubsystems
[Subsystems] Discovering subsystems at path C:/Users/hugol/FlappyBird/Assets
[D3D12 Device Filter] Vendor Name: NVIDIA
[D3D12 Device Filter] Device Name: NVIDIA GeForce RTX 4070 Laptop GPU
[D3D12 Device Filter] Driver Version: 32.0.15.9282
[D3D12 Device Filter] Feature Level: 12.2
[D3D12 Device Filter] Graphics Memory: 7948 MB
[D3D12 Device Filter] Processor Count: 16
[D3D12 Device Filter] Device Type: Discrete
GfxDevice: creating device client; kGfxThreadingModeSplitJobs
d3d12: failed to query info queue interface (0x80004002).
Direct3D:
    Version:         Direct3D 12 [level 12.2]
    Renderer:        NVIDIA GeForce RTX 4070 Laptop GPU (ID=0x2820)
    Vendor:          NVIDIA
    VRAM:            7948 MB
    App VRAM Budget: 7180 MB
    Driver:          32.0.15.9282
Initialize mono
Mono path[0] = 'C:/Program Files/Unity/Hub/Editor/6000.5.9f1/Editor/Data/Managed'
Mono path[1] = 'C:/Program Files/Unity/Hub/Editor/6000.5.9f1/Editor/Data/BCLExtensions/runtime/netstandard2.1'
Mono path[2] = 'C:/Program Files/Unity/Hub/Editor/6000.5.9f1/Editor/Data/MonoBleedingEdge/lib/mono/unityjit-win32'
Mono config path = 'C:/Program Files/Unity/Hub/Editor/6000.5.9f1/Editor/Data/MonoBleedingEdge/etc'
Using monoOptions --debugger-agent=transport=dt_socket,embedding=1,server=y,suspend=n,address=127.0.0.1:56676
CodeReloadManager initialized
ImportWorker Server TCP listen port: 0
AcceleratorClientConnectionCallback - disconnected - :0
Begin MonoManager ReloadAssembly
Registering precompiled unity dll's ...
Register platform support module: C:/Program Files/Unity/Hub/Editor/6000.5.9f1/Editor/Data/PlaybackEngines/WebGLSupport/UnityEditor.WebGL.Extensions.dll
Register platform support module: C:/Program Files/Unity/Hub/Editor/6000.5.9f1/Editor/Data/PlaybackEngines/WindowsStandaloneSupport/UnityEditor.WindowsStandalone.Extensions.dll
Registered in 0.002183 seconds.
Native extension for WindowsStandalone target not found
Native extension for WebGL target not found
Package Manager log level set to [2]
ScheduleIndexationOnStartup MainProcess:False IndexOnStartup:True
Mono: successfully reloaded assembly
- Finished resetting the current domain, in  0.424 seconds
Domain Reload Profiling: 865ms
	BeginReloadAssembly (131ms)
		CreateAndSetChildDomain (16ms)
	RebuildCommonClasses (4ms)
	RebuildNativeTypeToScriptingClass (13ms)
	initialDomainReloadingComplete (58ms)
	LoadAllAssembliesAndSetupDomain (233ms)
		LoadAssemblies (112ms)
		AnalyzeDomain (167ms)
			TypeCache.Refresh (165ms)
				TypeCache.ScanAssembly (153ms)
	FinalizeReload (426ms)
		SetupLoadedEditorAssemblies (0ms)
			BeforeProcessingInitializeOnLoad (67ms)
			ProcessInitializeOnLoadAttributes (75ms)
			ProcessInitializeOnLoadMethodAttributes (219ms)
[Licensing::Client] Successfully resolved entitlement details
Application.AssetDatabase Initial Refresh Start
[Package Manager] Restoring resolved packages state from cache
[Licensing::Client] Successfully resolved entitlement details
[Package Manager] Registered 65 packages:
  Packages from [https://packages.unity.com]:
    com.unity.2d.animation@15.1.0 (location: C:\Users\hugol\FlappyBird\Library\PackageCache\com.unity.2d.animation@6d5a363ae647)
    com.unity.2d.aseprite@5.0.3 (location: C:\Users\hugol\FlappyBird\Library\PackageCache\com.unity.2d.aseprite@d13865913efa)
    com.unity.2d.psdimporter@14.0.3 (location: C:\Users\hugol\FlappyBird\Library\PackageCache\com.unity.2d.psdimporter@5d82044f9e43)
    com.unity.2d.spriteshape@15.0.3 (location: C:\Users\hugol\FlappyBird\Library\PackageCache\com.unity.2d.spriteshape@fcb7ec61a58b)
    com.unity.2d.tilemap.extras@8.0.3 (location: C:\Users\hugol\FlappyBird\Library\PackageCache\com.unity.2d.tilemap.extras@a80140457adc)
    com.unity.2d.tooling@3.0.1 (location: C:\Users\hugol\FlappyBird\Library\PackageCache\com.unity.2d.tooling@6f06ffb033c0)
    com.unity.collab-proxy@2.13.6 (location: C:\Users\hugol\FlappyBird\Library\PackageCache\com.unity.collab-proxy@4628d2ba6ea4)
    com.unity.ide.rider@3.0.38 (location: C:\Users\hugol\FlappyBird\Library\PackageCache\com.unity.ide.rider@1f60b3138684)
    com.unity.ide.visualstudio@2.0.26 (location: C:\Users\hugol\FlappyBird\Library\PackageCache\com.unity.ide.visualstudio@a99d56dec63f)
    com.unity.inputsystem@1.20.0 (location: C:\Users\hugol\FlappyBird\Library\PackageCache\com.unity.inputsystem@7a4e1a2a8194)
    com.unity.timeline@1.8.12 (location: C:\Users\hugol\FlappyBird\Library\PackageCache\com.unity.timeline@8cd8509afae5)
    com.unity.visualscripting@1.9.12 (location: C:\Users\hugol\FlappyBird\Library\PackageCache\com.unity.visualscripting@4edfcc09512f)
    com.unity.2d.common@14.0.1 (location: C:\Users\hugol\FlappyBird\Library\PackageCache\com.unity.2d.common@73badf92ba8b)
    com.unity.searcher@4.9.5 (location: C:\Users\hugol\FlappyBird\Library\PackageCache\com.unity.searcher@a463122f2c00)
    com.unity.burst@1.8.30 (location: C:\Users\hugol\FlappyBird\Library\PackageCache\com.unity.burst@2f3d916873ea)
    com.unity.nuget.mono-cecil@1.11.6 (location: C:\Users\hugol\FlappyBird\Library\PackageCache\com.unity.nuget.mono-cecil@ecb9724e46ff)
    com.unity.test-framework.performance@3.5.0 (location: C:\Users\hugol\FlappyBird\Library\PackageCache\com.unity.test-framework.performance@8b56083ec0f0)
  Built-in packages:
    com.unity.2d.sprite@1.0.0 (location: C:\Users\hugol\FlappyBird\Library\PackageCache\com.unity.2d.sprite@053a968eab56)
    com.unity.2d.tilemap@1.0.0 (location: C:\Users\hugol\FlappyBird\Library\PackageCache\com.unity.2d.tilemap@b959501fd678)
    com.unity.multiplayer.center@1.0.1 (location: C:\Users\hugol\FlappyBird\Library\PackageCache\com.unity.multiplayer.center@b860850997d0)
    com.unity.render-pipelines.universal@17.5.0 (location: C:\Users\hugol\FlappyBird\Library\PackageCache\com.unity.render-pipelines.universal@d7774c218bdf)
    com.unity.test-framework@1.7.0 (location: C:\Users\hugol\FlappyBird\Library\PackageCache\com.unity.test-framework@1405238725ab)
    com.unity.ugui@2.5.0 (location: C:\Users\hugol\FlappyBird\Library\PackageCache\com.unity.ugui@1c4864518158)
    com.unity.modules.accessibility@1.0.0 (location: C:\Users\hugol\FlappyBird\Library\PackageCache\com.unity.modules.accessibility)
    com.unity.modules.adaptiveperformance@1.0.0 (location: C:\Users\hugol\FlappyBird\Library\PackageCache\com.unity.modules.adaptiveperformance)
    com.unity.modules.ai@1.0.0 (location: C:\Users\hugol\FlappyBird\Library\PackageCache\com.unity.modules.ai)
    com.unity.modules.androidjni@1.0.0 (location: C:\Users\hugol\FlappyBird\Library\PackageCache\com.unity.modules.androidjni)
    com.unity.modules.animation@1.0.0 (location: C:\Users\hugol\FlappyBird\Library\PackageCache\com.unity.modules.animation)
    com.unity.modules.assetbundle@1.0.0 (location: C:\Users\hugol\FlappyBird\Library\PackageCache\com.unity.modules.assetbundle)
    com.unity.modules.audio@1.0.0 (location: C:\Users\hugol\FlappyBird\Library\PackageCache\com.unity.modules.audio)
    com.unity.modules.cloth@1.0.0 (location: C:\Users\hugol\FlappyBird\Library\PackageCache\com.unity.modules.cloth)
    com.unity.modules.director@1.0.0 (location: C:\Users\hugol\FlappyBird\Library\PackageCache\com.unity.modules.director)
    com.unity.modules.imageconversion@1.0.0 (location: C:\Users\hugol\FlappyBird\Library\PackageCache\com.unity.modules.imageconversion)
    com.unity.modules.imgui@1.0.0 (location: C:\Users\hugol\FlappyBird\Library\PackageCache\com.unity.modules.imgui)
    com.unity.modules.jsonserialize@1.0.0 (location: C:\Users\hugol\FlappyBird\Library\PackageCache\com.unity.modules.jsonserialize)
    com.unity.modules.particlesystem@1.0.0 (location: C:\Users\hugol\FlappyBird\Library\PackageCache\com.unity.modules.particlesystem)
    com.unity.modules.physics@1.0.0 (location: C:\Users\hugol\FlappyBird\Library\PackageCache\com.unity.modules.physics)
    com.unity.modules.physics2d@1.0.0 (location: C:\Users\hugol\FlappyBird\Library\PackageCache\com.unity.modules.physics2d)
    com.unity.modules.physicscore2d@1.0.0 (location: C:\Users\hugol\FlappyBird\Library\PackageCache\com.unity.modules.physicscore2d)
    com.unity.modules.screencapture@1.0.0 (location: C:\Users\hugol\FlappyBird\Library\PackageCache\com.unity.modules.screencapture)
    com.unity.modules.terrain@1.0.0 (location: C:\Users\hugol\FlappyBird\Library\PackageCache\com.unity.modules.terrain)
    com.unity.modules.terrainphysics@1.0.0 (location: C:\Users\hugol\FlappyBird\Library\PackageCache\com.unity.modules.terrainphysics)
    com.unity.modules.tilemap@1.0.0 (location: C:\Users\hugol\FlappyBird\Library\PackageCache\com.unity.modules.tilemap)
    com.unity.modules.ui@1.0.0 (location: C:\Users\hugol\FlappyBird\Library\PackageCache\com.unity.modules.ui)
    com.unity.modules.uielements@1.0.0 (location: C:\Users\hugol\FlappyBird\Library\PackageCache\com.unity.modules.uielements)
    com.unity.modules.umbra@1.0.0 (location: C:\Users\hugol\FlappyBird\Library\PackageCache\com.unity.modules.umbra)
    com.unity.modules.unityanalytics@1.0.0 (location: C:\Users\hugol\FlappyBird\Library\PackageCache\com.unity.modules.unityanalytics)
    com.unity.modules.unitywebrequest@1.0.0 (location: C:\Users\hugol\FlappyBird\Library\PackageCache\com.unity.modules.unitywebrequest)
    com.unity.modules.unitywebrequestassetbundle@1.0.0 (location: C:\Users\hugol\FlappyBird\Library\PackageCache\com.unity.modules.unitywebrequestassetbundle)
    com.unity.modules.unitywebrequestaudio@1.0.0 (location: C:\Users\hugol\FlappyBird\Library\PackageCache\com.unity.modules.unitywebrequestaudio)
    com.unity.modules.unitywebrequesttexture@1.0.0 (location: C:\Users\hugol\FlappyBird\Library\PackageCache\com.unity.modules.unitywebrequesttexture)
    com.unity.modules.unitywebrequestwww@1.0.0 (location: C:\Users\hugol\FlappyBird\Library\PackageCache\com.unity.modules.unitywebrequestwww)
    com.unity.modules.vectorgraphics@1.0.0 (location: C:\Users\hugol\FlappyBird\Library\PackageCache\com.unity.modules.vectorgraphics)
    com.unity.modules.vehicles@1.0.0 (location: C:\Users\hugol\FlappyBird\Library\PackageCache\com.unity.modules.vehicles)
    com.unity.modules.video@1.0.0 (location: C:\Users\hugol\FlappyBird\Library\PackageCache\com.unity.modules.video)
    com.unity.modules.wind@1.0.0 (location: C:\Users\hugol\FlappyBird\Library\PackageCache\com.unity.modules.wind)
    com.unity.modules.xr@1.0.0 (location: C:\Users\hugol\FlappyBird\Library\PackageCache\com.unity.modules.xr)
    com.unity.modules.subsystems@1.0.0 (location: C:\Users\hugol\FlappyBird\Library\PackageCache\com.unity.modules.subsystems)
    com.unity.modules.hierarchycore@1.0.0 (location: C:\Users\hugol\FlappyBird\Library\PackageCache\com.unity.modules.hierarchycore)
    com.unity.ext.nunit@2.1.0 (location: C:\Users\hugol\FlappyBird\Library\PackageCache\com.unity.ext.nunit@44f7d31723bd)
    com.unity.render-pipelines.core@17.5.0 (location: C:\Users\hugol\FlappyBird\Library\PackageCache\com.unity.render-pipelines.core@a4c9a9793789)
    com.unity.shadergraph@17.5.0 (location: C:\Users\hugol\FlappyBird\Library\PackageCache\com.unity.shadergraph@8d7376ec43ee)
    com.unity.render-pipelines.universal-config@17.5.0 (location: C:\Users\hugol\FlappyBird\Library\PackageCache\com.unity.render-pipelines.universal-config@fdda01c80fe3)
    com.unity.mathematics@1.4.0 (location: C:\Users\hugol\FlappyBird\Library\PackageCache\com.unity.mathematics@981956d94fb6)
    com.unity.collections@6.5.0 (location: C:\Users\hugol\FlappyBird\Library\PackageCache\com.unity.collections@ec2c217e4cb2)
[Subsystems] No new subsystems found in resolved package list.
[Package Manager] Done registering packages in 0.03 seconds
Starting: C:\Program Files\Unity\Hub\Editor\6000.5.9f1\Editor\Data\Tools\BuildPipeline\bee_backend.exe --ipc --defer-dag-verification --dagfile="Library/Bee/1900b0aE.dag" --continue-on-failure --profile="Library/Bee/backend1.traceevents" ScriptAssemblies
WorkingDir: C:/Users/hugol/FlappyBird
Starting: C:\Program Files\Unity\Hub\Editor\6000.5.9f1\Editor\Data\netcorerun\netcorerun.exe "C:\Program Files\Unity\Hub\Editor\6000.5.9f1\Editor\Data\Tools\BuildPipeline\ScriptCompilationBuildProgram.exe" "Library/Bee/1900b0aE.dag.json" "Library/Bee/1900b0aE-inputdata.json" "Library\Bee\buildprogram0.traceevents"
WorkingDir: C:/Users/hugol/FlappyBird
ExitCode: 4 Duration: 0s237ms
[ 612/1123  0s] CopyFiles Library/ScriptAssemblies/UnityEngine.TestRunner.pdb
[ 613/1123  0s] CopyFiles Library/ScriptAssemblies/UnityEngine.TestRunner.dll
[ 715/1123  0s] CopyFiles Library/ScriptAssemblies/UnityEditor.TestRunner.pdb
[ 718/1123  0s] CopyFiles Library/ScriptAssemblies/UnityEditor.TestRunner.dll
[ 819/1123  0s] CopyFiles Library/ScriptAssemblies/Unity.Collections.CodeGen.pdb
[ 824/1123  0s] CopyFiles Library/ScriptAssemblies/Unity.Rider.Editor.pdb
[ 828/1123  0s] CopyFiles Library/ScriptAssemblies/Unity.VisualStudio.Editor.pdb
[ 829/1123  0s] CopyFiles Library/ScriptAssemblies/Unity.Rider.Editor.dll
[ 841/1123  0s] CopyFiles Library/ScriptAssemblies/Unity.Collections.CodeGen.dll
[ 842/1123  0s] CopyFiles Library/ScriptAssemblies/Unity.Burst.CodeGen.dll
[ 844/1123  0s] CopyFiles Library/ScriptAssemblies/Unity.VisualStudio.Editor.dll
[ 845/1123  0s] CopyFiles Library/ScriptAssemblies/Unity.Burst.CodeGen.pdb
Rebuilding DAG because FileSignature timestamp changed: Library/Bee/1900b0aE-inputdata.json
[ 873/1123  0s] ILPP-Configuration Library/ilpp-configuration.nevergeneratedoutput
*** Tundra requires additional run (0.21 seconds), 13 items updated, 872 evaluated
ExitCode: 0 Duration: 1s55ms
Starting: C:\Program Files\Unity\Hub\Editor\6000.5.9f1\Editor\Data\Tools\BuildPipeline\bee_backend.exe --ipc --defer-dag-verification --dagfile="Library/Bee/1900b0aE.dag" --continue-on-failure --dagfilejson="Library\Bee\1900b0aE.dag.json" --profile="Library/Bee/backend2.traceevents" ScriptAssemblies
WorkingDir: C:/Users/hugol/FlappyBird
ExitCode: 0 Duration: 6s541ms
Finished compiling graph: 1126 nodes, 22338 flattened edges (18618 ToBuild, 178 ToUse), maximum node priority 1259
[ 224/1123  0s] WriteText Library/Bee/artifacts/1900b0aE.dag/Unity.Mathematics.rsp
[ 226/1123  0s] WriteText Library/Bee/artifacts/1900b0aE.dag/Unity.InternalAPIEngineBridge.RenderPipelines.Core.Runtime.Shared.rsp
[ 231/1123  0s] WriteText Library/Bee/artifacts/1900b0aE.dag/UnityEngine.TestRunner.rsp
[ 232/1123  0s] WriteText Library/Bee/artifacts/1900b0aE.dag/Unity.PathTracing.Runtime.rsp
[ 233/1123  0s] WriteText Library/Bee/artifacts/1900b0aE.dag/Unity.Burst.rsp
[ 239/1123  0s] WriteText Library/Bee/artifacts/1900b0aE.dag/Unity.Collections.rsp
[ 242/1123  0s] WriteText Library/Bee/artifacts/1900b0aE.dag/UnityEditor.TestRunner.rsp
[ 243/1123  0s] WriteText Library/Bee/artifacts/1900b0aE.dag/UnityEngine.UI.rsp
[ 245/1123  0s] WriteText Library/Bee/artifacts/1900b0aE.dag/Unity.RenderPipelines.GPUDriven.Runtime.rsp
[ 247/1123  0s] WriteText Library/Bee/artifacts/1900b0aE.dag/Unity.Collections.CodeGen.rsp
[ 249/1123  0s] WriteText Library/Bee/artifacts/1900b0aE.dag/UnityEditor.UI.rsp
[ 250/1123  0s] WriteText Library/Bee/artifacts/1900b0aE.dag/Unity.UnifiedRayTracing.Runtime.rsp
[ 251/1123  0s] WriteText Library/Bee/artifacts/1900b0aE.dag/Unity.RenderPipeline.Universal.ShaderLibrary.rsp
[ 265/1123  0s] WriteText Library/Bee/artifacts/1900b0aE.dag/Unity.2D.Common.Runtime.rsp
[ 266/1123  0s] WriteText Library/Bee/artifacts/1900b0aE.dag/Unity.VisualScripting.Flow.rsp
[ 267/1123  0s] WriteText Library/Bee/artifacts/1900b0aE.dag/Unity.InternalAPIEngineBridge.RenderPipelines.Core.Editor.rsp
[ 270/1123  0s] WriteText Library/Bee/artifacts/1900b0aE.dag/Unity.PathTracing.Editor.rsp
[ 274/1123  0s] WriteText Library/Bee/artifacts/1900b0aE.dag/Unity.InternalAPIEngineBridge.001.rsp
[ 282/1123  0s] WriteText Library/Bee/artifacts/1900b0aE.dag/Unity.RenderPipelines.Core.Runtime.rsp
[ 288/1123  0s] WriteText Library/Bee/artifacts/1900b0aE.dag/Unity.2D.Animation.Runtime.rsp
[ 297/1123  0s] WriteText Library/Bee/artifacts/1900b0aE.dag/Unity.RenderPipelines.Core.Runtime.Shared.rsp
[ 310/1123  0s] WriteText Library/Bee/artifacts/1900b0aE.dag/Unity.VisualScripting.Core.rsp
[ 311/1123  0s] WriteText Library/Bee/artifacts/1900b0aE.dag/Unity.RenderPipelines.Universal.Runtime.rsp
[ 312/1123  0s] WriteText Library/Bee/artifacts/1900b0aE.dag/Unity.Burst.CodeGen.rsp
[ 313/1123  0s] WriteText Library/Bee/artifacts/1900b0aE.dag/Unity.InternalAPIEditorBridge.001.rsp
[ 315/1123  0s] WriteText Library/Bee/artifacts/1900b0aE.dag/Unity.RenderPipelines.Universal.Config.Runtime.rsp
[ 318/1123  0s] WriteText Library/Bee/artifacts/1900b0aE.dag/Unity.2D.SpriteShape.Runtime.rsp
[ 322/1123  0s] WriteText Library/Bee/artifacts/1900b0aE.dag/Unity.VisualScripting.Core.Editor.rsp
[ 342/1123  0s] WriteText Library/Bee/artifacts/1900b0aE.dag/Unity.InputSystem.rsp
[ 343/1123  0s] WriteText Library/Bee/artifacts/1900b0aE.dag/Unity.VisualScripting.State.rsp
[ 348/1123  0s] WriteText Library/Bee/artifacts/1900b0aE.dag/Unity.2D.Sprite.Editor.rsp
[ 360/1123  0s] WriteText Library/Bee/artifacts/1900b0aE.dag/Unity.2D.Common.Editor.rsp
[ 361/1123  0s] WriteText Library/Bee/artifacts/1900b0aE.dag/Unity.SurfaceCache.Runtime.rsp
[ 362/1123  0s] WriteText Library/Bee/artifacts/1900b0aE.dag/Unity.RenderPipelines.Core.Editor.rsp
[ 363/1123  0s] WriteText Library/Bee/artifacts/1900b0aE.dag/Unity.InternalAPIEngineBridge.004.rsp
[ 364/1123  0s] WriteText Library/Bee/artifacts/1900b0aE.dag/Unity.Searcher.Editor.rsp
[ 366/1123  0s] WriteText Library/Bee/artifacts/1900b0aE.dag/Unity.ShaderGraph.Utilities.rsp
[ 372/1123  0s] WriteText Library/Bee/artifacts/1900b0aE.dag/Unity.ShaderGraph.Editor.rsp
[ 374/1123  0s] WriteText Library/Bee/artifacts/1900b0aE.dag/Unity.VisualScripting.Flow.Editor.rsp
[ 375/1123  0s] WriteText Library/Bee/artifacts/1900b0aE.dag/Unity.RenderPipelines.Universal.2D.Runtime.rsp
[ 376/1123  0s] WriteText Library/Bee/artifacts/1900b0aE.dag/Unity.PlasticSCM.Editor.rsp
[ 377/1123  0s] WriteText Library/Bee/artifacts/1900b0aE.dag/Unity.Burst.Editor.rsp
[ 378/1123  0s] WriteText Library/Bee/artifacts/1900b0aE.dag/Unity.2D.Tilemap.Editor.rsp
[ 385/1123  0s] WriteText Library/Bee/artifacts/1900b0aE.dag/Unity.RenderPipelines.Core.Editor.Shared.rsp
[ 396/1123  0s] WriteText Library/Bee/artifacts/1900b0aE.dag/Unity.2D.Animation.Editor.rsp
[ 397/1123  0s] WriteText Library/Bee/artifacts/1900b0aE.dag/Unity.TextMeshPro.rsp
[ 398/1123  0s] WriteText Library/Bee/artifacts/1900b0aE.dag/Unity.2D.Triangulation.Runtime.rsp
[ 399/1123  0s] WriteText Library/Bee/artifacts/1900b0aE.dag/Unity.Multiplayer.Center.Common.rsp
[ 459/1123  0s] WriteText Library/Bee/artifacts/1900b0aE.dag/Unity.Timeline.rsp
[ 460/1123  0s] WriteText Library/Bee/artifacts/1900b0aE.dag/Unity.2D.Common.Path.Editor.rsp
[ 461/1123  0s] WriteText Library/Bee/artifacts/1900b0aE.dag/Unity.2D.Aseprite.Common.rsp
[ 462/1123  0s] WriteText Library/Bee/artifacts/1900b0aE.dag/Unity.2D.Tilemap.Extras.rsp
[ 463/1123  0s] WriteText Library/Bee/artifacts/1900b0aE.dag/Unity.VisualScripting.State.Editor.rsp
[ 464/1123  0s] WriteText Library/Bee/artifacts/1900b0aE.dag/Unity.InputSystem.ForUI.rsp
[ 465/1123  0s] WriteText Library/Bee/artifacts/1900b0aE.dag/Unity.Rendering.LightTransport.Editor.rsp
[ 466/1123  0s] WriteText Library/Bee/artifacts/1900b0aE.dag/Unity.Rider.Editor.rsp
[ 467/1123  0s] WriteText Library/Bee/artifacts/1900b0aE.dag/Unity.Multiplayer.Center.Editor.rsp
[ 468/1123  0s] WriteText Library/Bee/artifacts/1900b0aE.dag/Unity.InternalAPIEditorBridge.ShaderGraph.Editor.rsp
[ 469/1123  0s] WriteText Library/Bee/artifacts/1900b0aE.dag/Unity.2D.IK.Runtime.rsp
[ 470/1123  0s] WriteText Library/Bee/artifacts/1900b0aE.dag/PsdPlugin.rsp
[ 471/1123  0s] WriteText Library/Bee/artifacts/1900b0aE.dag/Unity.VisualScripting.SettingsProvider.Editor.rsp
[ 472/1123  0s] WriteText Library/Bee/artifacts/1900b0aE.dag/Unity.TextMeshPro.Editor.rsp
[ 473/1123  0s] WriteText Library/Bee/artifacts/1900b0aE.dag/Unity.VisualScripting.Shared.Editor.rsp
[ 474/1123  0s] WriteText Library/Bee/artifacts/1900b0aE.dag/Unity.2D.Psdimporter.Editor.rsp
[ 475/1123  0s] WriteText Library/Bee/artifacts/1900b0aE.dag/Unity.2D.Tooling.Editor.rsp
[ 476/1123  0s] WriteText Library/Bee/artifacts/1900b0aE.dag/Unity.2D.Aseprite.Editor.rsp
[ 477/1123  0s] WriteText Library/Bee/artifacts/1900b0aE.dag/Unity.VisualStudio.Editor.rsp
[ 478/1123  0s] WriteText Library/Bee/artifacts/1900b0aE.dag/UnityEditor.UI.Analytics.rsp
[ 479/1123  0s] WriteText Library/Bee/artifacts/1900b0aE.dag/Unity.Collections.Editor.rsp
[ 494/1123  0s] WriteText Library/Bee/artifacts/1900b0aE.dag/Unity.2D.Tilemap.Extras.Editor.rsp
[ 505/1123  0s] WriteText Library/Bee/artifacts/1900b0aE.dag/Unity.2D.SpriteShape.Editor.rsp
[ 506/1123  0s] WriteText Library/Bee/artifacts/1900b0aE.dag/Unity.RenderPipelines.Universal.Editor.rsp
[ 507/1123  0s] WriteText Library/Bee/artifacts/1900b0aE.dag/Unity.2D.IK.Editor.rsp
[ 508/1123  0s] WriteText Library/Bee/artifacts/1900b0aE.dag/Unity.InputSystem.ForUI.Editor.rsp
[ 509/1123  0s] WriteText Library/Bee/artifacts/1900b0aE.dag/Unity.PlasticSCM.Editor.Assistant.rsp
[ 510/1123  0s] WriteText Library/Bee/artifacts/1900b0aE.dag/Unity.RenderPipelines.Universal.2D.Editor.Overrides.rsp
[ 511/1123  0s] WriteText Library/Bee/artifacts/1900b0aE.dag/Unity.RenderPipelines.ShaderGraph.ShaderGraphLibrary.rsp
[ 512/1123  0s] WriteText Library/Bee/artifacts/1900b0aE.dag/Unity.InputSystem.TestFramework.rsp
[ 513/1123  0s] WriteResponseFile Library/Bee/artifacts/rsp/10678863128556690338.rsp
[ 514/1123  0s] WriteText Library/Bee/artifacts/1900b0aE.dag/Unity.Timeline.Editor.rsp
[ 515/1123  0s] WriteText Library/Bee/artifacts/1900b0aE.dag/Unity.PerformanceTesting.rsp
[ 516/1123  0s] WriteText Library/Bee/artifacts/1900b0aE.dag/Unity.VisualScripting.DocCodeExamples.rsp
[ 517/1123  0s] WriteText Library/Bee/artifacts/1900b0aE.dag/Unity.RenderPipelines.Core.ShaderLibrary.rsp
[ 518/1123  0s] WriteText Library/Bee/artifacts/1900b0aE.dag/Unity.PerformanceTesting.Editor.rsp
[ 519/1123  0s] WriteText Library/Bee/artifacts/1900b0aE.dag/Unity.CollabProxy.Editor.rsp
[ 520/1123  0s] WriteText Library/Bee/artifacts/1900b0aE.dag/Unity.RenderPipelines.Universal.Shaders.rsp
[ 521/1123  0s] WriteResponseFile Library/Bee/artifacts/rsp/13686715218353603589.rsp
[ 522/1123  0s] WriteText Library/Bee/artifacts/1900b0aE.dag/Assembly-CSharp.rsp
[ 523/1123  0s] WriteText Library/Bee/artifacts/1900b0aE.dag/Unity.PlasticSCM.Editor.Entities.rsp
[ 524/1123  0s] WriteResponseFile Library/Bee/artifacts/rsp/5803490648119114145.rsp
[ 525/1123  0s] WriteResponseFile Library/Bee/artifacts/rsp/18218310762646611085.rsp
[ 526/1123  0s] WriteResponseFile Library/Bee/artifacts/rsp/9870516708743257357.rsp
[ 527/1123  0s] WriteResponseFile Library/Bee/artifacts/rsp/8899139255040401798.rsp
[ 528/1123  0s] WriteResponseFile Library/Bee/artifacts/rsp/15966515983506956808.rsp
[ 529/1123  0s] WriteResponseFile Library/Bee/artifacts/rsp/7606483801609891643.rsp
[ 530/1123  0s] WriteResponseFile Library/Bee/artifacts/rsp/1418726328684876121.rsp
[ 531/1123  0s] WriteResponseFile Library/Bee/artifacts/rsp/11344994280883157806.rsp
[ 532/1123  0s] WriteText Library/Bee/artifacts/1900b0aE.dag/ScriptablePacker.rsp
[ 533/1123  0s] WriteResponseFile Library/Bee/artifacts/rsp/17346584914308636752.rsp
[ 534/1123  0s] WriteResponseFile Library/Bee/artifacts/rsp/5916180605834378387.rsp
[ 535/1123  0s] WriteText Library/Bee/artifacts/1900b0aE.dag/Unity.InputSystem.DocCodeSamples.rsp
[ 536/1123  0s] WriteResponseFile Library/Bee/artifacts/rsp/10142702499866438521.rsp
[ 537/1123  0s] WriteResponseFile Library/Bee/artifacts/rsp/9362519405459664194.rsp
[ 538/1123  0s] WriteResponseFile Library/Bee/artifacts/rsp/13909235412005675431.rsp
[ 539/1123  0s] WriteResponseFile Library/Bee/artifacts/rsp/2897256077774953845.rsp
[ 540/1123  0s] WriteResponseFile Library/Bee/artifacts/rsp/5249134988916615986.rsp
[ 541/1123  0s] WriteResponseFile Library/Bee/artifacts/rsp/7038082120299526273.rsp
[ 542/1123  0s] WriteResponseFile Library/Bee/artifacts/rsp/4691676790321305727.rsp
[ 543/1123  0s] WriteResponseFile Library/Bee/artifacts/rsp/10010842633742469623.rsp
[ 544/1123  0s] WriteResponseFile Library/Bee/artifacts/rsp/3258459190130463912.rsp
[ 545/1123  0s] WriteResponseFile Library/Bee/artifacts/rsp/1237274906319909237.rsp
[ 546/1123  0s] WriteResponseFile Library/Bee/artifacts/rsp/1478594098268573080.rsp
[ 547/1123  0s] WriteResponseFile Library/Bee/artifacts/rsp/10571807241835812913.rsp
[ 548/1123  0s] WriteResponseFile Library/Bee/artifacts/rsp/11932646040550446581.rsp
[ 549/1123  0s] WriteResponseFile Library/Bee/artifacts/rsp/4014436084419441659.rsp
[ 550/1123  0s] WriteResponseFile Library/Bee/artifacts/rsp/5546506141355401238.rsp
[ 551/1123  0s] WriteResponseFile Library/Bee/artifacts/rsp/11294775302662683298.rsp
[ 552/1123  0s] WriteResponseFile Library/Bee/artifacts/rsp/1410676725171572189.rsp
[ 553/1123  0s] WriteResponseFile Library/Bee/artifacts/rsp/10397561839769426034.rsp
[ 554/1123  0s] WriteResponseFile Library/Bee/artifacts/rsp/17525389461119239690.rsp
[ 555/1123  0s] WriteResponseFile Library/Bee/artifacts/rsp/15183482696195477058.rsp
[ 556/1123  0s] WriteResponseFile Library/Bee/artifacts/rsp/2157608619508796868.rsp
[ 557/1123  0s] WriteResponseFile Library/Bee/artifacts/rsp/10654656162358534522.rsp
[ 558/1123  0s] WriteResponseFile Library/Bee/artifacts/rsp/15183149355271759364.rsp
[ 559/1123  0s] WriteResponseFile Library/Bee/artifacts/rsp/5806762800881712256.rsp
[ 560/1123  0s] WriteResponseFile Library/Bee/artifacts/rsp/12697856024727907050.rsp
[ 561/1123  0s] WriteResponseFile Library/Bee/artifacts/rsp/10411718816959651794.rsp
[ 562/1123  0s] WriteResponseFile Library/Bee/artifacts/rsp/3648465134513896125.rsp
[ 563/1123  0s] WriteResponseFile Library/Bee/artifacts/rsp/15085861467720516389.rsp
[ 564/1123  0s] WriteResponseFile Library/Bee/artifacts/rsp/12812556936427222528.rsp
[ 565/1123  0s] WriteResponseFile Library/Bee/artifacts/rsp/11820488456832421373.rsp
[ 566/1123  0s] WriteResponseFile Library/Bee/artifacts/rsp/3064155424177982801.rsp
[ 567/1123  0s] WriteResponseFile Library/Bee/artifacts/rsp/10831531723267835799.rsp
[ 568/1123  0s] WriteResponseFile Library/Bee/artifacts/rsp/8336928665352126947.rsp
[ 569/1123  0s] WriteResponseFile Library/Bee/artifacts/rsp/3043913547040211301.rsp
[ 570/1123  0s] WriteResponseFile Library/Bee/artifacts/rsp/6210570011482043853.rsp
[ 571/1123  0s] WriteResponseFile Library/Bee/artifacts/rsp/6413563044966999158.rsp
[ 572/1123  0s] WriteResponseFile Library/Bee/artifacts/rsp/1000725841676588325.rsp
[ 573/1123  0s] WriteResponseFile Library/Bee/artifacts/rsp/13445476680238899994.rsp
[ 574/1123  0s] WriteResponseFile Library/Bee/artifacts/rsp/9703144790800738880.rsp
[ 575/1123  0s] WriteResponseFile Library/Bee/artifacts/rsp/16942202937359522267.rsp
[ 576/1123  0s] WriteResponseFile Library/Bee/artifacts/rsp/7896521298153392796.rsp
[ 577/1123  0s] WriteResponseFile Library/Bee/artifacts/rsp/4772145154433932943.rsp
[ 578/1123  0s] WriteResponseFile Library/Bee/artifacts/rsp/8863518860715653438.rsp
[ 579/1123  0s] WriteResponseFile Library/Bee/artifacts/rsp/3938377011463375229.rsp
[ 580/1123  0s] WriteResponseFile Library/Bee/artifacts/rsp/6262281476893245489.rsp
[ 581/1123  0s] WriteResponseFile Library/Bee/artifacts/rsp/17296387151066238333.rsp
[ 582/1123  0s] WriteResponseFile Library/Bee/artifacts/rsp/2240406767038398906.rsp
[ 583/1123  0s] WriteResponseFile Library/Bee/artifacts/rsp/13439087796855272166.rsp
[ 584/1123  0s] WriteResponseFile Library/Bee/artifacts/rsp/6841316898876630997.rsp
[ 585/1123  0s] WriteResponseFile Library/Bee/artifacts/rsp/7759033573704817190.rsp
[ 586/1123  0s] WriteResponseFile Library/Bee/artifacts/rsp/6083568660615989563.rsp
[ 587/1123  0s] WriteResponseFile Library/Bee/artifacts/rsp/9963604852455136489.rsp
[ 588/1123  0s] WriteResponseFile Library/Bee/artifacts/rsp/1723042715960067801.rsp
[ 589/1123  0s] WriteResponseFile Library/Bee/artifacts/rsp/5521740788080646575.rsp
[ 590/1123  0s] WriteResponseFile Library/Bee/artifacts/rsp/10292501669419677951.rsp
[ 591/1123  0s] WriteResponseFile Library/Bee/artifacts/rsp/12248871281822510316.rsp
[ 592/1123  0s] WriteResponseFile Library/Bee/artifacts/rsp/12900333509587573630.rsp
[ 592/1123  0s] Csc Library/Bee/artifacts/1900b0aE.dag/UnityEngine.UI.dll (+2 others) [CacheHit 2f2d69c59712db25697a3997237f15dd00000000000000000000000000000006]
[ 593/1123  0s] Csc Library/Bee/artifacts/1900b0aE.dag/UnityEngine.UI.dll (+2 others)
[ 595/1123  0s] WriteResponseFile Library/Bee/artifacts/rsp/15394042617203071315.rsp
[ 596/1123  0s] WriteResponseFile Library/Bee/artifacts/rsp/5652260764500437206.rsp
[ 597/1123  0s] WriteResponseFile Library/Bee/artifacts/rsp/17738801749825545598.rsp
[ 598/1123  0s] WriteResponseFile Library/Bee/artifacts/rsp/3388064732626934676.rsp
[ 599/1123  0s] WriteResponseFile Library/Bee/artifacts/rsp/1488387367365330867.rsp
[ 600/1123  0s] WriteResponseFile Library/Bee/artifacts/rsp/9111662996337956171.rsp
[ 601/1123  0s] WriteResponseFile Library/Bee/artifacts/rsp/2499735490941455596.rsp
[ 602/1123  0s] WriteResponseFile Library/Bee/artifacts/rsp/17723086061372457914.rsp
[ 603/1123  0s] WriteResponseFile Library/Bee/artifacts/rsp/9675442845102135732.rsp
[ 604/1123  0s] WriteResponseFile Library/Bee/artifacts/rsp/14566447020836459352.rsp
[ 603/1123  0s] Csc Library/Bee/artifacts/1900b0aE.dag/UnityEngine.TestRunner.dll (+2 others) [CacheHit 03813e897685c2071f10ff134430428100000000000000000000000000000006]
[ 605/1123  0s] Csc Library/Bee/artifacts/1900b0aE.dag/UnityEngine.TestRunner.dll (+2 others)
[ 607/1123  0s] WriteResponseFile Library/Bee/artifacts/rsp/2953117779104569460.rsp
[ 608/1123  0s] WriteResponseFile Library/Bee/artifacts/rsp/15312589170787849123.rsp
[ 609/1123  0s] WriteResponseFile Library/Bee/artifacts/rsp/11295897478892413411.rsp
[ 610/1123  0s] WriteResponseFile Library/Bee/artifacts/rsp/5776641215966470922.rsp
[ 612/1123  0s] CopyFiles Library/ScriptAssemblies/UnityEngine.TestRunner.pdb
[ 612/1123  0s] Csc Library/Bee/artifacts/1900b0aE.dag/UnityEditor.TestRunner.dll (+2 others) [CacheHit a8652cd34d1892ff205b79a9aee1657800000000000000000000000000000006]
[ 615/1123  0s] Csc Library/Bee/artifacts/1900b0aE.dag/UnityEditor.TestRunner.dll (+2 others)
[ 617/1123  0s] CopyFiles Library/ScriptAssemblies/UnityEditor.TestRunner.pdb
[ 616/1123  0s] Csc Library/Bee/artifacts/1900b0aE.dag/UnityEditor.UI.dll (+2 others) [CacheHit f08bcf69f4540f31093870aea26c5afc00000000000000000000000000000006]
[ 620/1123  0s] Csc Library/Bee/artifacts/1900b0aE.dag/UnityEditor.UI.dll (+2 others)
[ 637/1123  0s] CopyFiles Library/ScriptAssemblies/UnityEngine.TestRunner.dll
[ 635/1123  0s] Csc Library/Bee/artifacts/1900b0aE.dag/Unity.Burst.dll (+2 others) [CacheHit 44036c693d52e7f1ac654277de12075200000000000000000000000000000006]
[ 640/1123  0s] Csc Library/Bee/artifacts/1900b0aE.dag/Unity.Burst.dll (+2 others)
[ 636/1123  0s] Csc Library/Bee/artifacts/1900b0aE.dag/Unity.Searcher.Editor.dll (+2 others) [CacheHit e5916d8ef0aabfac2d6eca13b5779bb100000000000000000000000000000006]
[ 642/1123  0s] Csc Library/Bee/artifacts/1900b0aE.dag/Unity.Searcher.Editor.dll (+2 others)
[ 637/1123  0s] Csc Library/Bee/artifacts/1900b0aE.dag/Unity.2D.Tilemap.Editor.dll (+2 others) [CacheHit 3fd5dfb640732c13fc152e8183852e9c00000000000000000000000000000006]
[ 644/1123  0s] Csc Library/Bee/artifacts/1900b0aE.dag/Unity.2D.Tilemap.Editor.dll (+2 others)
[ 638/1123  0s] Csc Library/Bee/artifacts/1900b0aE.dag/Unity.InternalAPIEngineBridge.001.dll (+2 others) [CacheHit 412dea152c9e15a8c9d50a09158a0e0d00000000000000000000000000000006]
[ 646/1123  0s] Csc Library/Bee/artifacts/1900b0aE.dag/Unity.InternalAPIEngineBridge.001.dll (+2 others)
[ 639/1123  0s] Csc Library/Bee/artifacts/1900b0aE.dag/Unity.InternalAPIEditorBridge.ShaderGraph.Editor.dll (+2 others) [CacheHit 6c4ab856eec283701f5e2048f80103bd00000000000000000000000000000006]
[ 648/1123  0s] Csc Library/Bee/artifacts/1900b0aE.dag/Unity.InternalAPIEditorBridge.ShaderGraph.Editor.dll (+2 others)
[ 640/1123  0s] Csc Library/Bee/artifacts/1900b0aE.dag/Unity.2D.Sprite.Editor.dll (+2 others) [CacheHit d93809d5ee0b852bc4973082c3a8b11f00000000000000000000000000000006]
[ 650/1123  0s] Csc Library/Bee/artifacts/1900b0aE.dag/Unity.2D.Sprite.Editor.dll (+2 others)
[ 640/1123  0s] Csc Library/Bee/artifacts/1900b0aE.dag/Unity.InternalAPIEngineBridge.RenderPipelines.Core.Runtime.Shared.dll (+2 others) [CacheHit 78448a6806486b98a0bb0a1e3914e48400000000000000000000000000000006]
[ 652/1123  0s] Csc Library/Bee/artifacts/1900b0aE.dag/Unity.InternalAPIEngineBridge.RenderPipelines.Core.Runtime.Shared.dll (+2 others)
[ 642/1123  0s] Csc Library/Bee/artifacts/1900b0aE.dag/Unity.InternalAPIEngineBridge.RenderPipelines.Core.Editor.dll (+2 others) [CacheHit f6bd469c1908f9aaf0f6d8fd1f8cea9900000000000000000000000000000006]
[ 654/1123  0s] Csc Library/Bee/artifacts/1900b0aE.dag/Unity.InternalAPIEngineBridge.RenderPipelines.Core.Editor.dll (+2 others)
[ 643/1123  0s] Csc Library/Bee/artifacts/1900b0aE.dag/Unity.InternalAPIEngineBridge.004.dll (+2 others) [CacheHit 7a51a7891214d51ac88194a64d43b97100000000000000000000000000000006]
[ 656/1123  0s] Csc Library/Bee/artifacts/1900b0aE.dag/Unity.InternalAPIEngineBridge.004.dll (+2 others)
[ 657/1123  0s] Csc Library/Bee/artifacts/1900b0aE.dag/Unity.ShaderGraph.Utilities.dll (+2 others) [CacheHit 6456e805b3760c0ffea6da1671a021e100000000000000000000000000000006]
[ 671/1123  0s] Csc Library/Bee/artifacts/1900b0aE.dag/Unity.ShaderGraph.Utilities.dll (+2 others)
[ 660/1123  0s] Csc Library/Bee/artifacts/1900b0aE.dag/Unity.2D.Common.Path.Editor.dll (+2 others) [CacheHit b677eae9804161b3ad8d57c789eb4de700000000000000000000000000000006]
[ 675/1123  0s] Csc Library/Bee/artifacts/1900b0aE.dag/Unity.2D.Common.Path.Editor.dll (+2 others)
[ 663/1123  0s] Csc Library/Bee/artifacts/1900b0aE.dag/Unity.PlasticSCM.Editor.dll (+2 others) [CacheHit 23badcea713d61fe5404170a8bfdb95200000000000000000000000000000006]
[ 679/1123  0s] Csc Library/Bee/artifacts/1900b0aE.dag/Unity.PlasticSCM.Editor.dll (+2 others)
[ 664/1123  0s] Csc Library/Bee/artifacts/1900b0aE.dag/Unity.Mathematics.dll (+2 others) [CacheHit 124c865cf69a7c7e1001be2d6e90746800000000000000000000000000000006]
[ 681/1123  0s] Csc Library/Bee/artifacts/1900b0aE.dag/Unity.Mathematics.dll (+2 others)
[ 666/1123  0s] Csc Library/Bee/artifacts/1900b0aE.dag/Unity.InputSystem.dll (+2 others) [CacheHit 4306ad820c07eeefe5693becc02a28b000000000000000000000000000000006]
[ 684/1123  0s] Csc Library/Bee/artifacts/1900b0aE.dag/Unity.InputSystem.dll (+2 others)
[ 672/1123  0s] Csc Library/Bee/artifacts/1900b0aE.dag/Unity.Multiplayer.Center.Common.dll (+2 others) [CacheHit 487cfce6d0e8d5b2620105f285b7c33c00000000000000000000000000000006]
[ 692/1123  0s] Csc Library/Bee/artifacts/1900b0aE.dag/Unity.Multiplayer.Center.Common.dll (+2 others)
[ 676/1123  0s] Csc Library/Bee/artifacts/1900b0aE.dag/Unity.Timeline.dll (+2 others) [CacheHit 597a6f8a7ba7323d4e003d65eb63b35000000000000000000000000000000006]
[ 696/1123  0s] Csc Library/Bee/artifacts/1900b0aE.dag/Unity.Timeline.dll (+2 others)
[ 677/1123  0s] Csc Library/Bee/artifacts/1900b0aE.dag/Unity.RenderPipelines.ShaderGraph.ShaderGraphLibrary.dll (+2 others) [CacheHit 589523f921991655660b7d97217e2da500000000000000000000000000000006]
[ 698/1123  0s] Csc Library/Bee/artifacts/1900b0aE.dag/Unity.RenderPipelines.ShaderGraph.ShaderGraphLibrary.dll (+2 others)
[ 679/1123  0s] Csc Library/Bee/artifacts/1900b0aE.dag/Unity.VisualStudio.Editor.dll (+2 others) [CacheHit 734e0af75bd3c710387f4b97b64587f400000000000000000000000000000006]
[ 701/1123  0s] Csc Library/Bee/artifacts/1900b0aE.dag/Unity.VisualStudio.Editor.dll (+2 others)
[ 682/1123  0s] Csc Library/Bee/artifacts/1900b0aE.dag/Unity.Rider.Editor.dll (+2 others) [CacheHit 526dc337cdea79ba7c138c69d139f71700000000000000000000000000000006]
[ 705/1123  0s] Csc Library/Bee/artifacts/1900b0aE.dag/Unity.Rider.Editor.dll (+2 others)
[ 684/1123  0s] Csc Library/Bee/artifacts/1900b0aE.dag/Unity.Burst.CodeGen.dll (+2 others) [CacheHit c91ec577105c8d6d6567ebe600a1ff7300000000000000000000000000000006]
[ 708/1123  0s] Csc Library/Bee/artifacts/1900b0aE.dag/Unity.Burst.CodeGen.dll (+2 others)
[ 685/1123  0s] Csc Library/Bee/artifacts/1900b0aE.dag/Unity.TextMeshPro.dll (+2 others) [CacheHit c5a9deb8fa0859f33445f33b144e3ece00000000000000000000000000000006]
[ 710/1123  0s] Csc Library/Bee/artifacts/1900b0aE.dag/Unity.TextMeshPro.dll (+2 others)
[ 712/1123  0s] CopyFiles Library/ScriptAssemblies/UnityEditor.TestRunner.dll
[ 687/1123  0s] Csc Library/Bee/artifacts/1900b0aE.dag/Unity.RenderPipelines.Universal.Shaders.dll (+2 others) [CacheHit e114d1d847a589646aa339cc635bfae900000000000000000000000000000006]
[ 713/1123  0s] Csc Library/Bee/artifacts/1900b0aE.dag/Unity.RenderPipelines.Universal.Shaders.dll (+2 others)
[ 688/1123  0s] Csc Library/Bee/artifacts/1900b0aE.dag/Unity.Collections.dll (+2 others) [CacheHit 3a1a5dceade21e18ad8a2ed990bea35a00000000000000000000000000000006]
[ 715/1123  0s] Csc Library/Bee/artifacts/1900b0aE.dag/Unity.Collections.dll (+2 others)
[ 690/1123  0s] Csc Library/Bee/artifacts/1900b0aE.dag/Unity.Burst.Editor.dll (+2 others) [CacheHit 110927049464dc4884e9fd8ff7ed5f4c00000000000000000000000000000006]
[ 718/1123  0s] Csc Library/Bee/artifacts/1900b0aE.dag/Unity.Burst.Editor.dll (+2 others)
[ 691/1123  0s] Csc Library/Bee/artifacts/1900b0aE.dag/Unity.RenderPipelines.Core.ShaderLibrary.dll (+2 others) [CacheHit b38c8fd823d2110916fb50d0ddc6888d00000000000000000000000000000006]
[ 720/1123  0s] Csc Library/Bee/artifacts/1900b0aE.dag/Unity.RenderPipelines.Core.ShaderLibrary.dll (+2 others)
[ 695/1123  0s] Csc Library/Bee/artifacts/1900b0aE.dag/Unity.2D.Aseprite.Common.dll (+2 others) [CacheHit b0af5398ef0cb705ba4dd5bc93db54eb00000000000000000000000000000006]
[ 725/1123  0s] Csc Library/Bee/artifacts/1900b0aE.dag/Unity.2D.Aseprite.Common.dll (+2 others)
[ 713/1123  0s] Csc Library/Bee/artifacts/1900b0aE.dag/Unity.InternalAPIEditorBridge.001.dll (+2 others) [CacheHit 7bc21e8f768a0addec6d3ade508bcab600000000000000000000000000000006]
[ 744/1123  0s] Csc Library/Bee/artifacts/1900b0aE.dag/Unity.InternalAPIEditorBridge.001.dll (+2 others)
[ 715/1123  0s] Csc Library/Bee/artifacts/1900b0aE.dag/PsdPlugin.dll (+2 others) [CacheHit 012005fa195bf5137f5bcac70655390100000000000000000000000000000006]
[ 747/1123  0s] Csc Library/Bee/artifacts/1900b0aE.dag/PsdPlugin.dll (+2 others)
[ 717/1123  0s] Csc Library/Bee/artifacts/1900b0aE.dag/Unity.2D.Tilemap.Extras.dll (+2 others) [CacheHit 0fb1e6b0b076a0dc8683b7c7fc70fa2300000000000000000000000000000006]
[ 750/1123  0s] Csc Library/Bee/artifacts/1900b0aE.dag/Unity.2D.Tilemap.Extras.dll (+2 others)
[ 719/1123  0s] Csc Library/Bee/artifacts/1900b0aE.dag/Unity.Rendering.LightTransport.Editor.dll (+2 others) [CacheHit 02ea707592fc102eb3e279617e6a007e00000000000000000000000000000006]
[ 753/1123  0s] Csc Library/Bee/artifacts/1900b0aE.dag/Unity.Rendering.LightTransport.Editor.dll (+2 others)
[ 720/1123  0s] Csc Library/Bee/artifacts/1900b0aE.dag/Unity.PerformanceTesting.dll (+2 others) [CacheHit 066e4d41036ab3bc50e4d49e489f98ce00000000000000000000000000000006]
[ 755/1123  0s] Csc Library/Bee/artifacts/1900b0aE.dag/Unity.PerformanceTesting.dll (+2 others)
[ 721/1123  0s] Csc Library/Bee/artifacts/1900b0aE.dag/Unity.VisualScripting.Core.dll (+2 others) [CacheHit 9dcc2efe2da883ba8069a0380b45bbf900000000000000000000000000000006]
[ 757/1123  0s] Csc Library/Bee/artifacts/1900b0aE.dag/Unity.VisualScripting.Core.dll (+2 others)
[ 722/1123  0s] Csc Library/Bee/artifacts/1900b0aE.dag/Unity.InputSystem.ForUI.dll (+2 others) [CacheHit 2214be64b414448059b0514878f9c3bc00000000000000000000000000000006]
[ 759/1123  0s] Csc Library/Bee/artifacts/1900b0aE.dag/Unity.InputSystem.ForUI.dll (+2 others)
[ 726/1123  0s] Csc Library/Bee/artifacts/1900b0aE.dag/Unity.Multiplayer.Center.Editor.dll (+2 others) [CacheHit de3803f8ed1369fbe7bbe18e88c4901000000000000000000000000000000006]
[ 764/1123  0s] Csc Library/Bee/artifacts/1900b0aE.dag/Unity.Multiplayer.Center.Editor.dll (+2 others)
[ 727/1123  0s] Csc Library/Bee/artifacts/1900b0aE.dag/Unity.InputSystem.TestFramework.dll (+2 others) [CacheHit c9b62c5eaa4ec0fee244f4af18c88f6700000000000000000000000000000006]
[ 766/1123  0s] Csc Library/Bee/artifacts/1900b0aE.dag/Unity.InputSystem.TestFramework.dll (+2 others)
[ 732/1123  0s] Csc Library/Bee/artifacts/1900b0aE.dag/Unity.PlasticSCM.Editor.Entities.dll (+2 others) [CacheHit 1a9cf7102e17d60dc21883d11a23f89a00000000000000000000000000000006]
[ 772/1123  0s] Csc Library/Bee/artifacts/1900b0aE.dag/Unity.PlasticSCM.Editor.Entities.dll (+2 others)
[ 734/1123  0s] Csc Library/Bee/artifacts/1900b0aE.dag/Unity.RenderPipelines.Core.Runtime.dll (+2 others) [CacheHit 8db2f60c281251d1d0b72cb17fbd094f00000000000000000000000000000006]
[ 775/1123  0s] Csc Library/Bee/artifacts/1900b0aE.dag/Unity.RenderPipelines.Core.Runtime.dll (+2 others)
[ 735/1123  0s] Csc Library/Bee/artifacts/1900b0aE.dag/Unity.Timeline.Editor.dll (+2 others) [CacheHit 5261013d53a75bdb969ad4425e46bd8300000000000000000000000000000006]
[ 777/1123  0s] Csc Library/Bee/artifacts/1900b0aE.dag/Unity.Timeline.Editor.dll (+2 others)
[ 736/1123  0s] Csc Library/Bee/artifacts/1900b0aE.dag/Unity.PlasticSCM.Editor.Assistant.dll (+2 others) [CacheHit 3ecbb41ca4a80bd022f339c9f60f640200000000000000000000000000000006]
[ 779/1123  0s] Csc Library/Bee/artifacts/1900b0aE.dag/Unity.PlasticSCM.Editor.Assistant.dll (+2 others)
[ 738/1123  0s] Csc Library/Bee/artifacts/1900b0aE.dag/Unity.UnifiedRayTracing.Runtime.dll (+2 others) [CacheHit 932961d93d22c6d5b7a62a82462ef2eb00000000000000000000000000000006]
[ 782/1123  0s] Csc Library/Bee/artifacts/1900b0aE.dag/Unity.UnifiedRayTracing.Runtime.dll (+2 others)
[ 739/1123  0s] Csc Library/Bee/artifacts/1900b0aE.dag/UnityEditor.UI.Analytics.dll (+2 others) [CacheHit 401f3662aff9b095b3a6abbf2d585d9d00000000000000000000000000000006]
[ 784/1123  0s] Csc Library/Bee/artifacts/1900b0aE.dag/UnityEditor.UI.Analytics.dll (+2 others)
[ 741/1123  0s] Csc Library/Bee/artifacts/1900b0aE.dag/Unity.2D.Common.Runtime.dll (+2 others) [CacheHit a6348eae620c8186362dfe2df75c320100000000000000000000000000000006]
[ 788/1123  0s] Csc Library/Bee/artifacts/1900b0aE.dag/Unity.2D.Common.Runtime.dll (+2 others)
[ 745/1123  0s] Csc Library/Bee/artifacts/1900b0aE.dag/Unity.InputSystem.DocCodeSamples.dll (+2 others) [CacheHit 116bca49ed1fc539b57a311aa546dd6f00000000000000000000000000000006]
[ 792/1123  0s] Csc Library/Bee/artifacts/1900b0aE.dag/Unity.InputSystem.DocCodeSamples.dll (+2 others)
[ 746/1123  0s] Csc Library/Bee/artifacts/1900b0aE.dag/Unity.CollabProxy.Editor.dll (+2 others) [CacheHit 855a39d3b72d41c447dc7301dbf259e400000000000000000000000000000006]
[ 794/1123  0s] Csc Library/Bee/artifacts/1900b0aE.dag/Unity.CollabProxy.Editor.dll (+2 others)
[ 797/1123  0s] CopyFiles Library/ScriptAssemblies/Unity.Rider.Editor.pdb
[ 798/1123  0s] CopyFiles Library/ScriptAssemblies/Unity.Burst.CodeGen.pdb
[ 801/1123  0s] CopyFiles Library/ScriptAssemblies/Unity.VisualStudio.Editor.pdb
[ 762/1123  0s] Csc Library/Bee/artifacts/1900b0aE.dag/Unity.InputSystem.ForUI.Editor.dll (+2 others) [CacheHit 7829caaf4f09506f06d4ebbc36186ca300000000000000000000000000000006]
[ 811/1123  0s] Csc Library/Bee/artifacts/1900b0aE.dag/Unity.InputSystem.ForUI.Editor.dll (+2 others)
[ 764/1123  0s] Csc Library/Bee/artifacts/1900b0aE.dag/Unity.Collections.CodeGen.dll (+2 others) [CacheHit 4721fdb1a20c4f1a5aa9a0d316df412500000000000000000000000000000006]
[ 814/1123  0s] Csc Library/Bee/artifacts/1900b0aE.dag/Unity.Collections.CodeGen.dll (+2 others)
[ 766/1123  0s] Csc Library/Bee/artifacts/1900b0aE.dag/Unity.2D.Tooling.Editor.dll (+2 others) [CacheHit 3d19d296c762b11e1f2437c8aadbf83400000000000000000000000000000006]
[ 817/1123  0s] Csc Library/Bee/artifacts/1900b0aE.dag/Unity.2D.Tooling.Editor.dll (+2 others)
[ 767/1123  0s] Csc Library/Bee/artifacts/1900b0aE.dag/Unity.VisualScripting.Core.Editor.dll (+2 others) [CacheHit 94101f6650ccb76928a9f290959ba18300000000000000000000000000000006]
[ 819/1123  0s] Csc Library/Bee/artifacts/1900b0aE.dag/Unity.VisualScripting.Core.Editor.dll (+2 others)
[ 770/1123  0s] Csc Library/Bee/artifacts/1900b0aE.dag/Unity.Collections.Editor.dll (+2 others) [CacheHit 13a967cfdf4c1c440b56268b5f86762e00000000000000000000000000000006]
[ 823/1123  0s] Csc Library/Bee/artifacts/1900b0aE.dag/Unity.Collections.Editor.dll (+2 others)
[ 771/1123  0s] Csc Library/Bee/artifacts/1900b0aE.dag/Unity.2D.Triangulation.Runtime.dll (+2 others) [CacheHit 55b5db1b702040f97feb5f60cfe6f19800000000000000000000000000000006]
[ 825/1123  0s] Csc Library/Bee/artifacts/1900b0aE.dag/Unity.2D.Triangulation.Runtime.dll (+2 others)
[ 772/1123  0s] Csc Library/Bee/artifacts/1900b0aE.dag/Unity.2D.Tilemap.Extras.Editor.dll (+2 others) [CacheHit 65c319989621c692eb71b4b5a637e60b00000000000000000000000000000006]
[ 827/1123  0s] Csc Library/Bee/artifacts/1900b0aE.dag/Unity.2D.Tilemap.Extras.Editor.dll (+2 others)
[ 775/1123  0s] Csc Library/Bee/artifacts/1900b0aE.dag/Unity.VisualScripting.Flow.dll (+2 others) [CacheHit eb5b2529ae3ae0eb8a534d0986515ce500000000000000000000000000000006]
[ 831/1123  0s] Csc Library/Bee/artifacts/1900b0aE.dag/Unity.VisualScripting.Flow.dll (+2 others)
[ 776/1123  0s] Csc Library/Bee/artifacts/1900b0aE.dag/Unity.PerformanceTesting.Editor.dll (+2 others) [CacheHit 5068dcc64106c69c6e6c0c5d112e621a00000000000000000000000000000006]
[ 833/1123  0s] Csc Library/Bee/artifacts/1900b0aE.dag/Unity.PerformanceTesting.Editor.dll (+2 others)
[ 777/1123  0s] Csc Library/Bee/artifacts/1900b0aE.dag/Unity.2D.SpriteShape.Runtime.dll (+2 others) [CacheHit a012ea2bf71b829a6bc452e8f5eccd6a00000000000000000000000000000006]
[ 835/1123  0s] Csc Library/Bee/artifacts/1900b0aE.dag/Unity.2D.SpriteShape.Runtime.dll (+2 others)
[ 778/1123  0s] Csc Library/Bee/artifacts/1900b0aE.dag/Unity.RenderPipelines.Core.Runtime.Shared.dll (+2 others) [CacheHit e10ac804344f786e3a5fc0cef9f4483300000000000000000000000000000006]
[ 837/1123  0s] Csc Library/Bee/artifacts/1900b0aE.dag/Unity.RenderPipelines.Core.Runtime.Shared.dll (+2 others)
[ 779/1123  0s] Csc Library/Bee/artifacts/1900b0aE.dag/Unity.2D.Common.Editor.dll (+2 others) [CacheHit 7257ea42ee7688d20cd0a9b0422cb3b300000000000000000000000000000006]
[ 839/1123  0s] Csc Library/Bee/artifacts/1900b0aE.dag/Unity.2D.Common.Editor.dll (+2 others)
[ 780/1123  0s] Csc Library/Bee/artifacts/1900b0aE.dag/ScriptablePacker.dll (+2 others) [CacheHit e148173f468287974744f9cbaa738c7400000000000000000000000000000006]
[ 841/1123  0s] Csc Library/Bee/artifacts/1900b0aE.dag/ScriptablePacker.dll (+2 others)
[ 844/1123  0s] CopyFiles Library/ScriptAssemblies/Unity.VisualStudio.Editor.dll
[ 854/1123  0s] CopyFiles Library/ScriptAssemblies/Unity.Collections.CodeGen.pdb
[ 793/1123  0s] Csc Library/Bee/artifacts/1900b0aE.dag/Unity.RenderPipelines.Universal.Config.Runtime.dll (+2 others) [CacheHit f6e3c277dcd27b5b01b155ab38d1050500000000000000000000000000000006]
[ 855/1123  0s] Csc Library/Bee/artifacts/1900b0aE.dag/Unity.RenderPipelines.Universal.Config.Runtime.dll (+2 others)
[ 794/1123  0s] Csc Library/Bee/artifacts/1900b0aE.dag/Unity.PathTracing.Runtime.dll (+2 others) [CacheHit 10578176a7af10d567c5d172296837cd00000000000000000000000000000006]
[ 857/1123  0s] Csc Library/Bee/artifacts/1900b0aE.dag/Unity.PathTracing.Runtime.dll (+2 others)
[ 798/1123  0s] Csc Library/Bee/artifacts/1900b0aE.dag/Unity.RenderPipelines.GPUDriven.Runtime.dll (+2 others) [CacheHit 3f4c0832227f08b89d7b830763c70ddf00000000000000000000000000000006]
[ 862/1123  0s] Csc Library/Bee/artifacts/1900b0aE.dag/Unity.RenderPipelines.GPUDriven.Runtime.dll (+2 others)
[ 799/1123  0s] Csc Library/Bee/artifacts/1900b0aE.dag/Unity.RenderPipeline.Universal.ShaderLibrary.dll (+2 others) [CacheHit 06a12b2bcf0ccb5c80938dabf1219dc900000000000000000000000000000006]
[ 864/1123  0s] Csc Library/Bee/artifacts/1900b0aE.dag/Unity.RenderPipeline.Universal.ShaderLibrary.dll (+2 others)
[ 801/1123  0s] Csc Library/Bee/artifacts/1900b0aE.dag/Unity.TextMeshPro.Editor.dll (+2 others) [CacheHit 9dbc462126598d0495ecae7ec5b5eebe00000000000000000000000000000006]
[ 867/1123  0s] Csc Library/Bee/artifacts/1900b0aE.dag/Unity.TextMeshPro.Editor.dll (+2 others)
[ 807/1123  0s] Csc Library/Bee/artifacts/1900b0aE.dag/Unity.VisualScripting.State.dll (+2 others) [CacheHit 16518767d937a5e7b0ae8fec3158e02b00000000000000000000000000000006]
[ 874/1123  0s] Csc Library/Bee/artifacts/1900b0aE.dag/Unity.VisualScripting.State.dll (+2 others)
[ 809/1123  0s] Csc Library/Bee/artifacts/1900b0aE.dag/Unity.VisualScripting.DocCodeExamples.dll (+2 others) [CacheHit 6c2f35f9c7c2fceb93029b5ecd27b87400000000000000000000000000000006]
[ 877/1123  0s] Csc Library/Bee/artifacts/1900b0aE.dag/Unity.VisualScripting.DocCodeExamples.dll (+2 others)
[ 810/1123  0s] Csc Library/Bee/artifacts/1900b0aE.dag/Unity.VisualScripting.Flow.Editor.dll (+2 others) [CacheHit 94c89dc240de74f8f2a7dca80f1b434d00000000000000000000000000000006]
[ 879/1123  0s] Csc Library/Bee/artifacts/1900b0aE.dag/Unity.VisualScripting.Flow.Editor.dll (+2 others)
[ 811/1123  0s] Csc Library/Bee/artifacts/1900b0aE.dag/Unity.2D.SpriteShape.Editor.dll (+2 others) [CacheHit e71fb0191a22d716555900bef99fd96c00000000000000000000000000000006]
[ 881/1123  0s] Csc Library/Bee/artifacts/1900b0aE.dag/Unity.2D.SpriteShape.Editor.dll (+2 others)
[ 884/1123  0s] CopyFiles Library/ScriptAssemblies/Unity.Collections.CodeGen.dll
[ 814/1123  0s] Csc Library/Bee/artifacts/1900b0aE.dag/Unity.PathTracing.Editor.dll (+2 others) [CacheHit 0248e8cea573e1c4c690b589bfbf125100000000000000000000000000000006]
[ 885/1123  0s] Csc Library/Bee/artifacts/1900b0aE.dag/Unity.PathTracing.Editor.dll (+2 others)
[ 815/1123  0s] Csc Library/Bee/artifacts/1900b0aE.dag/Unity.SurfaceCache.Runtime.dll (+2 others) [CacheHit b005d36dd028a0061128fcc8f8e49b3200000000000000000000000000000006]
[ 887/1123  0s] Csc Library/Bee/artifacts/1900b0aE.dag/Unity.SurfaceCache.Runtime.dll (+2 others)
[ 893/1123  0s] CopyFiles Library/ScriptAssemblies/Unity.Burst.CodeGen.dll
[ 825/1123  0s] Csc Library/Bee/artifacts/1900b0aE.dag/Unity.VisualScripting.SettingsProvider.Editor.dll (+2 others) [CacheHit d37ad43678b3df8ac5a9f736b02b24c500000000000000000000000000000006]
[ 898/1123  0s] Csc Library/Bee/artifacts/1900b0aE.dag/Unity.VisualScripting.SettingsProvider.Editor.dll (+2 others)
[ 826/1123  0s] Csc Library/Bee/artifacts/1900b0aE.dag/Unity.VisualScripting.State.Editor.dll (+2 others) [CacheHit 488be487eece726beeb9cef5cf5cf0b200000000000000000000000000000006]
[ 900/1123  0s] Csc Library/Bee/artifacts/1900b0aE.dag/Unity.VisualScripting.State.Editor.dll (+2 others)
[ 827/1123  0s] Csc Library/Bee/artifacts/1900b0aE.dag/Unity.RenderPipelines.Core.Editor.dll (+2 others) [CacheHit 8432b4ccf3aca0b57f02feb4dc21fef600000000000000000000000000000006]
[ 902/1123  0s] Csc Library/Bee/artifacts/1900b0aE.dag/Unity.RenderPipelines.Core.Editor.dll (+2 others)
[ 828/1123  0s] Csc Library/Bee/artifacts/1900b0aE.dag/Unity.RenderPipelines.Universal.Runtime.dll (+2 others) [CacheHit 5946a3c60d7302c31cab6bb7a239339300000000000000000000000000000006]
[ 904/1123  0s] Csc Library/Bee/artifacts/1900b0aE.dag/Unity.RenderPipelines.Universal.Runtime.dll (+2 others)
[ 909/1123  0s] CopyFiles Library/ScriptAssemblies/Unity.Rider.Editor.dll
[ 838/1123  0s] Csc Library/Bee/artifacts/1900b0aE.dag/Unity.VisualScripting.Shared.Editor.dll (+2 others) [CacheHit 7c22403e7faa65e482d8306abd0776ce00000000000000000000000000000006]
[ 915/1123  0s] Csc Library/Bee/artifacts/1900b0aE.dag/Unity.VisualScripting.Shared.Editor.dll (+2 others)
[ 840/1123  0s] Csc Library/Bee/artifacts/1900b0aE.dag/Unity.RenderPipelines.Core.Editor.Shared.dll (+2 others) [CacheHit a15cfee87e027259fc7d84f02207d87600000000000000000000000000000006]
[ 918/1123  0s] Csc Library/Bee/artifacts/1900b0aE.dag/Unity.RenderPipelines.Core.Editor.Shared.dll (+2 others)
[ 841/1123  0s] Csc Library/Bee/artifacts/1900b0aE.dag/Unity.ShaderGraph.Editor.dll (+2 others) [CacheHit 69196d4b3a3f3c28d626fc1f2ccd8fa300000000000000000000000000000006]
[ 920/1123  0s] Csc Library/Bee/artifacts/1900b0aE.dag/Unity.ShaderGraph.Editor.dll (+2 others)
[ 842/1123  0s] Csc Library/Bee/artifacts/1900b0aE.dag/Unity.2D.Animation.Runtime.dll (+2 others) [CacheHit 343b7c1914c9dfba79e478ff3c2902df00000000000000000000000000000006]
[ 922/1123  0s] Csc Library/Bee/artifacts/1900b0aE.dag/Unity.2D.Animation.Runtime.dll (+2 others)
[ 849/1123  0s] Csc Library/Bee/artifacts/1900b0aE.dag/Unity.2D.IK.Runtime.dll (+2 others) [CacheHit 2be1bc57b4e01a830e4ea71e3f4beae300000000000000000000000000000006]
[ 930/1123  0s] Csc Library/Bee/artifacts/1900b0aE.dag/Unity.2D.IK.Runtime.dll (+2 others)
[ 850/1123  0s] Csc Library/Bee/artifacts/1900b0aE.dag/Unity.RenderPipelines.Universal.2D.Runtime.dll (+2 others) [CacheHit 1e99d41eefc4e6987e6428f3b953d84000000000000000000000000000000006]
[ 932/1123  0s] Csc Library/Bee/artifacts/1900b0aE.dag/Unity.RenderPipelines.Universal.2D.Runtime.dll (+2 others)
[ 851/1123  0s] Csc Library/Bee/artifacts/1900b0aE.dag/Unity.2D.Animation.Editor.dll (+2 others) [CacheHit 6ca0beeb7752dc4a86f163fe9679547f00000000000000000000000000000006]
[ 934/1123  0s] Csc Library/Bee/artifacts/1900b0aE.dag/Unity.2D.Animation.Editor.dll (+2 others)
[ 860/1123  0s] Csc Library/Bee/artifacts/1900b0aE.dag/Unity.2D.Aseprite.Editor.dll (+2 others) [CacheHit 6bdd7c7f63e1f70f118efbd57248b2f200000000000000000000000000000006]
[ 944/1123  0s] Csc Library/Bee/artifacts/1900b0aE.dag/Unity.2D.Aseprite.Editor.dll (+2 others)
[ 861/1123  0s] Csc Library/Bee/artifacts/1900b0aE.dag/Unity.RenderPipelines.Universal.2D.Editor.Overrides.dll (+2 others) [CacheHit fd52c724971437144865921c2c74e33400000000000000000000000000000006]
[ 946/1123  0s] Csc Library/Bee/artifacts/1900b0aE.dag/Unity.RenderPipelines.Universal.2D.Editor.Overrides.dll (+2 others)
[ 862/1123  0s] Csc Library/Bee/artifacts/1900b0aE.dag/Unity.RenderPipelines.Universal.Editor.dll (+2 others) [CacheHit 53d399fbfa0a5c4638c845527847464300000000000000000000000000000006]
[ 948/1123  0s] Csc Library/Bee/artifacts/1900b0aE.dag/Unity.RenderPipelines.Universal.Editor.dll (+2 others)
[ 863/1123  0s] Csc Library/Bee/artifacts/1900b0aE.dag/Unity.2D.IK.Editor.dll (+2 others) [CacheHit 80facae4a6583877c9d466cd084b091900000000000000000000000000000006]
[ 950/1123  0s] Csc Library/Bee/artifacts/1900b0aE.dag/Unity.2D.IK.Editor.dll (+2 others)
[ 868/1123  0s] Csc Library/Bee/artifacts/1900b0aE.dag/Unity.2D.Psdimporter.Editor.dll (+2 others) [CacheHit 61d17572bfe5c67d83d0f5ea8900bd8600000000000000000000000000000006]
[ 956/1123  0s] Csc Library/Bee/artifacts/1900b0aE.dag/Unity.2D.Psdimporter.Editor.dll (+2 others)
[ 960/1123  0s] ILPP-Configuration Library/ilpp-configuration.nevergeneratedoutput
[ 961/1123  0s] ILPostProcess Library/Bee/artifacts/1900b0aE.dag/post-processed/UnityEngine.UI.dll (+pdb)
Processing assembly Library/Bee/artifacts/1900b0aE.dag/UnityEngine.UI.dll, with 149 defines and 294 references

processors: Unity.Jobs.CodeGen.JobsILPostProcessor, zzzUnity.Burst.CodeGen.BurstILPostProcessor

running Unity.Jobs.CodeGen.JobsILPostProcessor

running zzzUnity.Burst.CodeGen.BurstILPostProcessor
[ 962/1123  0s] ILPostProcess Library/Bee/artifacts/1900b0aE.dag/post-processed/Unity.RenderPipelines.Core.ShaderLibrary.dll (+pdb)
Processing assembly Library/Bee/artifacts/1900b0aE.dag/Unity.RenderPipelines.Core.ShaderLibrary.dll, with 143 defines and 296 references

processors: Unity.Jobs.CodeGen.JobsILPostProcessor, zzzUnity.Burst.CodeGen.BurstILPostProcessor

running Unity.Jobs.CodeGen.JobsILPostProcessor

running zzzUnity.Burst.CodeGen.BurstILPostProcessor
[ 963/1123  0s] ILPostProcess Library/Bee/artifacts/1900b0aE.dag/post-processed/Unity.InternalAPIEngineBridge.001.dll (+pdb)
Processing assembly Library/Bee/artifacts/1900b0aE.dag/Unity.InternalAPIEngineBridge.001.dll, with 143 defines and 296 references

processors: Unity.Jobs.CodeGen.JobsILPostProcessor, zzzUnity.Burst.CodeGen.BurstILPostProcessor

running Unity.Jobs.CodeGen.JobsILPostProcessor

running zzzUnity.Burst.CodeGen.BurstILPostProcessor
[ 964/1123  0s] ILPostProcess Library/Bee/artifacts/1900b0aE.dag/post-processed/Unity.PerformanceTesting.dll (+pdb)
Processing assembly Library/Bee/artifacts/1900b0aE.dag/Unity.PerformanceTesting.dll, with 144 defines and 281 references

processors: Unity.Jobs.CodeGen.JobsILPostProcessor, zzzUnity.Burst.CodeGen.BurstILPostProcessor

running Unity.Jobs.CodeGen.JobsILPostProcessor

running zzzUnity.Burst.CodeGen.BurstILPostProcessor
[ 965/1123  0s] ILPostProcess Library/Bee/artifacts/1900b0aE.dag/post-processed/Unity.Mathematics.dll (+pdb)
Processing assembly Library/Bee/artifacts/1900b0aE.dag/Unity.Mathematics.dll, with 143 defines and 296 references

processors: Unity.Jobs.CodeGen.JobsILPostProcessor, zzzUnity.Burst.CodeGen.BurstILPostProcessor

running Unity.Jobs.CodeGen.JobsILPostProcessor

running zzzUnity.Burst.CodeGen.BurstILPostProcessor
[ 966/1123  0s] ILPostProcess Library/Bee/artifacts/1900b0aE.dag/post-processed/Unity.2D.Tilemap.Extras.dll (+pdb)
Processing assembly Library/Bee/artifacts/1900b0aE.dag/Unity.2D.Tilemap.Extras.dll, with 143 defines and 297 references

processors: Unity.Jobs.CodeGen.JobsILPostProcessor, zzzUnity.Burst.CodeGen.BurstILPostProcessor

running Unity.Jobs.CodeGen.JobsILPostProcessor

running zzzUnity.Burst.CodeGen.BurstILPostProcessor
[ 967/1123  0s] ILPostProcess Library/Bee/artifacts/1900b0aE.dag/post-processed/Unity.InputSystem.TestFramework.dll (+pdb)
Processing assembly Library/Bee/artifacts/1900b0aE.dag/Unity.InputSystem.TestFramework.dll, with 145 defines and 283 references

processors: Unity.Jobs.CodeGen.JobsILPostProcessor, zzzUnity.Burst.CodeGen.BurstILPostProcessor

running Unity.Jobs.CodeGen.JobsILPostProcessor

running zzzUnity.Burst.CodeGen.BurstILPostProcessor
[ 968/1123  0s] ILPostProcess Library/Bee/artifacts/1900b0aE.dag/post-processed/Unity.VisualScripting.Core.dll (+pdb)
Processing assembly Library/Bee/artifacts/1900b0aE.dag/Unity.VisualScripting.Core.dll, with 148 defines and 297 references

processors: Unity.Jobs.CodeGen.JobsILPostProcessor, zzzUnity.Burst.CodeGen.BurstILPostProcessor

running Unity.Jobs.CodeGen.JobsILPostProcessor

running zzzUnity.Burst.CodeGen.BurstILPostProcessor
[ 969/1123  0s] ILPostProcess Library/Bee/artifacts/1900b0aE.dag/post-processed/Unity.Timeline.dll (+pdb)
Processing assembly Library/Bee/artifacts/1900b0aE.dag/Unity.Timeline.dll, with 144 defines and 296 references

processors: Unity.Jobs.CodeGen.JobsILPostProcessor, zzzUnity.Burst.CodeGen.BurstILPostProcessor

running Unity.Jobs.CodeGen.JobsILPostProcessor

running zzzUnity.Burst.CodeGen.BurstILPostProcessor
[ 970/1123  0s] ILPostProcess Library/Bee/artifacts/1900b0aE.dag/post-processed/Unity.SurfaceCache.Runtime.dll (+pdb)
Processing assembly Library/Bee/artifacts/1900b0aE.dag/Unity.SurfaceCache.Runtime.dll, with 143 defines and 300 references

processors: Unity.Jobs.CodeGen.JobsILPostProcessor, zzzUnity.Burst.CodeGen.BurstILPostProcessor

running Unity.Jobs.CodeGen.JobsILPostProcessor

running zzzUnity.Burst.CodeGen.BurstILPostProcessor
[ 971/1123  0s] ILPostProcess Library/Bee/artifacts/1900b0aE.dag/post-processed/Unity.VisualScripting.DocCodeExamples.dll (+pdb)
Processing assembly Library/Bee/artifacts/1900b0aE.dag/Unity.VisualScripting.DocCodeExamples.dll, with 143 defines and 284 references

processors: Unity.Jobs.CodeGen.JobsILPostProcessor, zzzUnity.Burst.CodeGen.BurstILPostProcessor

running Unity.Jobs.CodeGen.JobsILPostProcessor

running zzzUnity.Burst.CodeGen.BurstILPostProcessor
[ 972/1123  0s] ILPostProcess Library/Bee/artifacts/1900b0aE.dag/post-processed/Unity.VisualScripting.State.dll (+pdb)
Processing assembly Library/Bee/artifacts/1900b0aE.dag/Unity.VisualScripting.State.dll, with 143 defines and 298 references

processors: Unity.Jobs.CodeGen.JobsILPostProcessor, zzzUnity.Burst.CodeGen.BurstILPostProcessor

running Unity.Jobs.CodeGen.JobsILPostProcessor

running zzzUnity.Burst.CodeGen.BurstILPostProcessor
[ 973/1123  0s] ILPostProcess Library/Bee/artifacts/1900b0aE.dag/post-processed/Unity.RenderPipeline.Universal.ShaderLibrary.dll (+pdb)
Processing assembly Library/Bee/artifacts/1900b0aE.dag/Unity.RenderPipeline.Universal.ShaderLibrary.dll, with 143 defines and 297 references

processors: Unity.Jobs.CodeGen.JobsILPostProcessor, zzzUnity.Burst.CodeGen.BurstILPostProcessor

running Unity.Jobs.CodeGen.JobsILPostProcessor

running zzzUnity.Burst.CodeGen.BurstILPostProcessor
[ 974/1123  0s] ILPostProcess Library/Bee/artifacts/1900b0aE.dag/post-processed/Unity.InputSystem.ForUI.dll (+pdb)
Processing assembly Library/Bee/artifacts/1900b0aE.dag/Unity.InputSystem.ForUI.dll, with 143 defines and 297 references

processors: Unity.Jobs.CodeGen.JobsILPostProcessor, zzzUnity.Burst.CodeGen.BurstILPostProcessor

running Unity.Jobs.CodeGen.JobsILPostProcessor

running zzzUnity.Burst.CodeGen.BurstILPostProcessor
[ 975/1123  0s] ILPostProcess Library/Bee/artifacts/1900b0aE.dag/post-processed/Unity.RenderPipelines.Universal.Shaders.dll (+pdb)
Processing assembly Library/Bee/artifacts/1900b0aE.dag/Unity.RenderPipelines.Universal.Shaders.dll, with 143 defines and 296 references

processors: Unity.Jobs.CodeGen.JobsILPostProcessor, zzzUnity.Burst.CodeGen.BurstILPostProcessor

running Unity.Jobs.CodeGen.JobsILPostProcessor

running zzzUnity.Burst.CodeGen.BurstILPostProcessor
[ 976/1123  0s] ILPostProcess Library/Bee/artifacts/1900b0aE.dag/post-processed/Unity.InternalAPIEngineBridge.RenderPipelines.Core.Runtime.Shared.dll (+pdb)
Processing assembly Library/Bee/artifacts/1900b0aE.dag/Unity.InternalAPIEngineBridge.RenderPipelines.Core.Runtime.Shared.dll, with 143 defines and 296 references

processors: Unity.Jobs.CodeGen.JobsILPostProcessor, zzzUnity.Burst.CodeGen.BurstILPostProcessor

running Unity.Jobs.CodeGen.JobsILPostProcessor

running zzzUnity.Burst.CodeGen.BurstILPostProcessor
[ 977/1123  0s] ILPostProcess Library/Bee/artifacts/1900b0aE.dag/post-processed/Unity.RenderPipelines.ShaderGraph.ShaderGraphLibrary.dll (+pdb)
Processing assembly Library/Bee/artifacts/1900b0aE.dag/Unity.RenderPipelines.ShaderGraph.ShaderGraphLibrary.dll, with 143 defines and 296 references

processors: Unity.Jobs.CodeGen.JobsILPostProcessor, zzzUnity.Burst.CodeGen.BurstILPostProcessor

running Unity.Jobs.CodeGen.JobsILPostProcessor

running zzzUnity.Burst.CodeGen.BurstILPostProcessor
[ 978/1123  0s] ILPostProcess Library/Bee/artifacts/1900b0aE.dag/post-processed/Unity.RenderPipelines.Core.Runtime.Shared.dll (+pdb)
Processing assembly Library/Bee/artifacts/1900b0aE.dag/Unity.RenderPipelines.Core.Runtime.Shared.dll, with 143 defines and 299 references

processors: Unity.Jobs.CodeGen.JobsILPostProcessor, zzzUnity.Burst.CodeGen.BurstILPostProcessor

running Unity.Jobs.CodeGen.JobsILPostProcessor

running zzzUnity.Burst.CodeGen.BurstILPostProcessor
[ 979/1123  0s] ILPostProcess Library/Bee/artifacts/1900b0aE.dag/post-processed/Unity.RenderPipelines.Universal.Runtime.dll (+pdb)
Processing assembly Library/Bee/artifacts/1900b0aE.dag/Unity.RenderPipelines.Universal.Runtime.dll, with 150 defines and 306 references

processors: Unity.Jobs.CodeGen.JobsILPostProcessor, zzzUnity.Burst.CodeGen.BurstILPostProcessor

running Unity.Jobs.CodeGen.JobsILPostProcessor

running zzzUnity.Burst.CodeGen.BurstILPostProcessor
[ 980/1123  0s] ILPostProcess Library/Bee/artifacts/1900b0aE.dag/post-processed/Unity.RenderPipelines.Core.Runtime.dll (+pdb)
Processing assembly Library/Bee/artifacts/1900b0aE.dag/Unity.RenderPipelines.Core.Runtime.dll, with 147 defines and 300 references

processors: Unity.Jobs.CodeGen.JobsILPostProcessor, zzzUnity.Burst.CodeGen.BurstILPostProcessor

running Unity.Jobs.CodeGen.JobsILPostProcessor

running zzzUnity.Burst.CodeGen.BurstILPostProcessor
[ 981/1123  0s] ILPostProcess Library/Bee/artifacts/1900b0aE.dag/post-processed/Unity.VisualScripting.Flow.dll (+pdb)
Processing assembly Library/Bee/artifacts/1900b0aE.dag/Unity.VisualScripting.Flow.dll, with 151 defines and 298 references

processors: Unity.Jobs.CodeGen.JobsILPostProcessor, zzzUnity.Burst.CodeGen.BurstILPostProcessor

running Unity.Jobs.CodeGen.JobsILPostProcessor

running zzzUnity.Burst.CodeGen.BurstILPostProcessor
[ 982/1123  0s] ILPostProcess Library/Bee/artifacts/1900b0aE.dag/post-processed/Unity.Multiplayer.Center.Common.dll (+pdb)
Processing assembly Library/Bee/artifacts/1900b0aE.dag/Unity.Multiplayer.Center.Common.dll, with 143 defines and 296 references

processors: Unity.Jobs.CodeGen.JobsILPostProcessor, zzzUnity.Burst.CodeGen.BurstILPostProcessor

running Unity.Jobs.CodeGen.JobsILPostProcessor

running zzzUnity.Burst.CodeGen.BurstILPostProcessor
[ 983/1123  0s] ILPostProcess Library/Bee/artifacts/1900b0aE.dag/post-processed/Unity.InternalAPIEngineBridge.004.dll (+pdb)
Processing assembly Library/Bee/artifacts/1900b0aE.dag/Unity.InternalAPIEngineBridge.004.dll, with 143 defines and 296 references

processors: Unity.Jobs.CodeGen.JobsILPostProcessor, zzzUnity.Burst.CodeGen.BurstILPostProcessor

running Unity.Jobs.CodeGen.JobsILPostProcessor

running zzzUnity.Burst.CodeGen.BurstILPostProcessor
[ 984/1123  0s] ILPostProcess Library/Bee/artifacts/1900b0aE.dag/post-processed/Unity.InputSystem.dll (+pdb)
Processing assembly Library/Bee/artifacts/1900b0aE.dag/Unity.InputSystem.dll, with 156 defines and 296 references

processors: Unity.Jobs.CodeGen.JobsILPostProcessor, zzzUnity.Burst.CodeGen.BurstILPostProcessor

running Unity.Jobs.CodeGen.JobsILPostProcessor

running zzzUnity.Burst.CodeGen.BurstILPostProcessor
[ 985/1123  0s] ILPostProcess Library/Bee/artifacts/1900b0aE.dag/post-processed/Unity.RenderPipelines.Universal.Config.Runtime.dll (+pdb)
Processing assembly Library/Bee/artifacts/1900b0aE.dag/Unity.RenderPipelines.Universal.Config.Runtime.dll, with 143 defines and 297 references

processors: Unity.Jobs.CodeGen.JobsILPostProcessor, zzzUnity.Burst.CodeGen.BurstILPostProcessor

running Unity.Jobs.CodeGen.JobsILPostProcessor

running zzzUnity.Burst.CodeGen.BurstILPostProcessor
[ 986/1123  0s] ILPostProcess Library/Bee/artifacts/1900b0aE.dag/post-processed/Unity.TextMeshPro.dll (+pdb)
Processing assembly Library/Bee/artifacts/1900b0aE.dag/Unity.TextMeshPro.dll, with 144 defines and 297 references

processors: Unity.Jobs.CodeGen.JobsILPostProcessor, zzzUnity.Burst.CodeGen.BurstILPostProcessor

running Unity.Jobs.CodeGen.JobsILPostProcessor

running zzzUnity.Burst.CodeGen.BurstILPostProcessor
[ 987/1123  1s] ILPostProcess Library/Bee/artifacts/1900b0aE.dag/post-processed/Unity.UnifiedRayTracing.Runtime.dll (+pdb)
Processing assembly Library/Bee/artifacts/1900b0aE.dag/Unity.UnifiedRayTracing.Runtime.dll, with 144 defines and 299 references

processors: Unity.Jobs.CodeGen.JobsILPostProcessor, zzzUnity.Burst.CodeGen.BurstILPostProcessor

running Unity.Jobs.CodeGen.JobsILPostProcessor

running zzzUnity.Burst.CodeGen.BurstILPostProcessor
[ 988/1123  0s] ILPostProcess Library/Bee/artifacts/1900b0aE.dag/post-processed/Unity.PathTracing.Runtime.dll (+pdb)
Processing assembly Library/Bee/artifacts/1900b0aE.dag/Unity.PathTracing.Runtime.dll, with 144 defines and 300 references

processors: Unity.Jobs.CodeGen.JobsILPostProcessor, zzzUnity.Burst.CodeGen.BurstILPostProcessor

running Unity.Jobs.CodeGen.JobsILPostProcessor

running zzzUnity.Burst.CodeGen.BurstILPostProcessor
[ 989/1123  1s] ILPostProcess Library/Bee/artifacts/1900b0aE.dag/post-processed/Unity.Burst.dll (+pdb)
Processing assembly Library/Bee/artifacts/1900b0aE.dag/Unity.Burst.dll, with 143 defines and 283 references

processors: Unity.Jobs.CodeGen.JobsILPostProcessor, zzzUnity.Burst.CodeGen.BurstILPostProcessor

running Unity.Jobs.CodeGen.JobsILPostProcessor

running zzzUnity.Burst.CodeGen.BurstILPostProcessor
[ 990/1123  0s] ILPostProcess Library/Bee/artifacts/1900b0aE.dag/post-processed/Unity.RenderPipelines.Universal.2D.Runtime.dll (+pdb)
Processing assembly Library/Bee/artifacts/1900b0aE.dag/Unity.RenderPipelines.Universal.2D.Runtime.dll, with 149 defines and 304 references

processors: Unity.Jobs.CodeGen.JobsILPostProcessor, zzzUnity.Burst.CodeGen.BurstILPostProcessor

running Unity.Jobs.CodeGen.JobsILPostProcessor

running zzzUnity.Burst.CodeGen.BurstILPostProcessor
[ 991/1123  0s] ILPostProcess Library/Bee/artifacts/1900b0aE.dag/post-processed/Unity.2D.IK.Runtime.dll (+pdb)
Processing assembly Library/Bee/artifacts/1900b0aE.dag/Unity.2D.IK.Runtime.dll, with 143 defines and 300 references

processors: Unity.Jobs.CodeGen.JobsILPostProcessor, zzzUnity.Burst.CodeGen.BurstILPostProcessor

running Unity.Jobs.CodeGen.JobsILPostProcessor

running zzzUnity.Burst.CodeGen.BurstILPostProcessor
[ 992/1123  1s] ILPostProcess Library/Bee/artifacts/1900b0aE.dag/post-processed/Unity.2D.SpriteShape.Runtime.dll (+pdb)
Processing assembly Library/Bee/artifacts/1900b0aE.dag/Unity.2D.SpriteShape.Runtime.dll, with 144 defines and 300 references

processors: Unity.Jobs.CodeGen.JobsILPostProcessor, zzzUnity.Burst.CodeGen.BurstILPostProcessor

running Unity.Jobs.CodeGen.JobsILPostProcessor

running zzzUnity.Burst.CodeGen.BurstILPostProcessor
[ 993/1123  2s] Csc Library/Bee/artifacts/1900b0aE.dag/Assembly-CSharp.dll (+2 others)
[ 994/1123  0s] ILPostProcess Library/Bee/artifacts/1900b0aE.dag/post-processed/Unity.2D.Common.Runtime.dll (+pdb)
Processing assembly Library/Bee/artifacts/1900b0aE.dag/Unity.2D.Common.Runtime.dll, with 143 defines and 299 references

processors: Unity.Jobs.CodeGen.JobsILPostProcessor, zzzUnity.Burst.CodeGen.BurstILPostProcessor

running Unity.Jobs.CodeGen.JobsILPostProcessor

running zzzUnity.Burst.CodeGen.BurstILPostProcessor
[ 995/1123  0s] ILPostProcess Library/Bee/artifacts/1900b0aE.dag/post-processed/UnityEditor.UI.dll (+pdb)
Processing assembly Library/Bee/artifacts/1900b0aE.dag/UnityEditor.UI.dll, with 144 defines and 304 references

processors: Unity.Jobs.CodeGen.JobsILPostProcessor, zzzUnity.Burst.CodeGen.BurstILPostProcessor

running Unity.Jobs.CodeGen.JobsILPostProcessor

running zzzUnity.Burst.CodeGen.BurstILPostProcessor
[ 996/1123  0s] ILPostProcess Library/Bee/artifacts/1900b0aE.dag/post-processed/Unity.InternalAPIEngineBridge.RenderPipelines.Core.Editor.dll (+pdb)
Processing assembly Library/Bee/artifacts/1900b0aE.dag/Unity.InternalAPIEngineBridge.RenderPipelines.Core.Editor.dll, with 141 defines and 305 references

processors: Unity.Jobs.CodeGen.JobsILPostProcessor, zzzUnity.Burst.CodeGen.BurstILPostProcessor

running Unity.Jobs.CodeGen.JobsILPostProcessor

running zzzUnity.Burst.CodeGen.BurstILPostProcessor
[ 997/1123  0s] ILPostProcess Library/Bee/artifacts/1900b0aE.dag/post-processed/Unity.Searcher.Editor.dll (+pdb)
Processing assembly Library/Bee/artifacts/1900b0aE.dag/Unity.Searcher.Editor.dll, with 141 defines and 305 references

processors: Unity.Jobs.CodeGen.JobsILPostProcessor, zzzUnity.Burst.CodeGen.BurstILPostProcessor

running Unity.Jobs.CodeGen.JobsILPostProcessor

running zzzUnity.Burst.CodeGen.BurstILPostProcessor
[ 998/1123  1s] ILPostProcess Library/Bee/artifacts/1900b0aE.dag/post-processed/Unity.RenderPipelines.GPUDriven.Runtime.dll (+pdb)
Processing assembly Library/Bee/artifacts/1900b0aE.dag/Unity.RenderPipelines.GPUDriven.Runtime.dll, with 143 defines and 300 references

processors: Unity.Jobs.CodeGen.JobsILPostProcessor, zzzUnity.Burst.CodeGen.BurstILPostProcessor

running Unity.Jobs.CodeGen.JobsILPostProcessor

running zzzUnity.Burst.CodeGen.BurstILPostProcessor
[ 999/1123  0s] ILPostProcess Library/Bee/artifacts/1900b0aE.dag/post-processed/Unity.2D.Animation.Runtime.dll (+pdb)
Processing assembly Library/Bee/artifacts/1900b0aE.dag/Unity.2D.Animation.Runtime.dll, with 145 defines and 302 references

processors: Unity.Jobs.CodeGen.JobsILPostProcessor, zzzUnity.Burst.CodeGen.BurstILPostProcessor

running Unity.Jobs.CodeGen.JobsILPostProcessor

running zzzUnity.Burst.CodeGen.BurstILPostProcessor
[1000/1123  0s] ILPostProcess Library/Bee/artifacts/1900b0aE.dag/post-processed/Unity.2D.Common.Editor.dll (+pdb)
Processing assembly Library/Bee/artifacts/1900b0aE.dag/Unity.2D.Common.Editor.dll, with 141 defines and 309 references

processors: Unity.Jobs.CodeGen.JobsILPostProcessor, zzzUnity.Burst.CodeGen.BurstILPostProcessor

running Unity.Jobs.CodeGen.JobsILPostProcessor

running zzzUnity.Burst.CodeGen.BurstILPostProcessor
[1001/1123  0s] ILPostProcess Library/Bee/artifacts/1900b0aE.dag/post-processed/Unity.PerformanceTesting.Editor.dll (+pdb)
Processing assembly Library/Bee/artifacts/1900b0aE.dag/Unity.PerformanceTesting.Editor.dll, with 142 defines and 292 references

processors: Unity.Jobs.CodeGen.JobsILPostProcessor, zzzUnity.Burst.CodeGen.BurstILPostProcessor

running Unity.Jobs.CodeGen.JobsILPostProcessor

running zzzUnity.Burst.CodeGen.BurstILPostProcessor
[1002/1123  0s] ILPostProcess Library/Bee/artifacts/1900b0aE.dag/post-processed/Unity.Multiplayer.Center.Editor.dll (+pdb)
Processing assembly Library/Bee/artifacts/1900b0aE.dag/Unity.Multiplayer.Center.Editor.dll, with 141 defines and 306 references

processors: Unity.Jobs.CodeGen.JobsILPostProcessor, zzzUnity.Burst.CodeGen.BurstILPostProcessor

running Unity.Jobs.CodeGen.JobsILPostProcessor

running zzzUnity.Burst.CodeGen.BurstILPostProcessor
[1003/1123  0s] ILPostProcess Library/Bee/artifacts/1900b0aE.dag/post-processed/Unity.2D.Aseprite.Common.dll (+pdb)
Processing assembly Library/Bee/artifacts/1900b0aE.dag/Unity.2D.Aseprite.Common.dll, with 141 defines and 308 references

processors: Unity.Jobs.CodeGen.JobsILPostProcessor, zzzUnity.Burst.CodeGen.BurstILPostProcessor

running Unity.Jobs.CodeGen.JobsILPostProcessor

running zzzUnity.Burst.CodeGen.BurstILPostProcessor
[1004/1123  0s] ILPostProcess Library/Bee/artifacts/1900b0aE.dag/post-processed/Unity.2D.Tooling.Editor.dll (+pdb)
Processing assembly Library/Bee/artifacts/1900b0aE.dag/Unity.2D.Tooling.Editor.dll, with 141 defines and 308 references

processors: Unity.Jobs.CodeGen.JobsILPostProcessor, zzzUnity.Burst.CodeGen.BurstILPostProcessor

running Unity.Jobs.CodeGen.JobsILPostProcessor

running zzzUnity.Burst.CodeGen.BurstILPostProcessor
[1005/1123  0s] ILPostProcess Library/Bee/artifacts/1900b0aE.dag/post-processed/UnityEditor.UI.Analytics.dll (+pdb)
Processing assembly Library/Bee/artifacts/1900b0aE.dag/UnityEditor.UI.Analytics.dll, with 141 defines and 306 references

processors: Unity.Jobs.CodeGen.JobsILPostProcessor, zzzUnity.Burst.CodeGen.BurstILPostProcessor

running Unity.Jobs.CodeGen.JobsILPostProcessor

running zzzUnity.Burst.CodeGen.BurstILPostProcessor
[1006/1123  0s] ILPostProcess Library/Bee/artifacts/1900b0aE.dag/post-processed/ScriptablePacker.dll (+pdb)
Processing assembly Library/Bee/artifacts/1900b0aE.dag/ScriptablePacker.dll, with 141 defines and 295 references

processors: Unity.Jobs.CodeGen.JobsILPostProcessor, zzzUnity.Burst.CodeGen.BurstILPostProcessor

running Unity.Jobs.CodeGen.JobsILPostProcessor

running zzzUnity.Burst.CodeGen.BurstILPostProcessor
[1007/1123  0s] ILPostProcess Library/Bee/artifacts/1900b0aE.dag/post-processed/Unity.2D.IK.Editor.dll (+pdb)
Processing assembly Library/Bee/artifacts/1900b0aE.dag/Unity.2D.IK.Editor.dll, with 141 defines and 312 references

processors: Unity.Jobs.CodeGen.JobsILPostProcessor, zzzUnity.Burst.CodeGen.BurstILPostProcessor

running Unity.Jobs.CodeGen.JobsILPostProcessor

running zzzUnity.Burst.CodeGen.BurstILPostProcessor
[1008/1123  0s] ILPostProcess Library/Bee/artifacts/1900b0aE.dag/post-processed/PsdPlugin.dll (+pdb)
Processing assembly Library/Bee/artifacts/1900b0aE.dag/PsdPlugin.dll, with 141 defines and 306 references

processors: Unity.Jobs.CodeGen.JobsILPostProcessor, zzzUnity.Burst.CodeGen.BurstILPostProcessor

running Unity.Jobs.CodeGen.JobsILPostProcessor

running zzzUnity.Burst.CodeGen.BurstILPostProcessor
[1009/1123  0s] ILPostProcess Library/Bee/artifacts/1900b0aE.dag/post-processed/Unity.VisualScripting.State.Editor.dll (+pdb)
Processing assembly Library/Bee/artifacts/1900b0aE.dag/Unity.VisualScripting.State.Editor.dll, with 141 defines and 310 references

processors: Unity.Jobs.CodeGen.JobsILPostProcessor, zzzUnity.Burst.CodeGen.BurstILPostProcessor

running Unity.Jobs.CodeGen.JobsILPostProcessor

running zzzUnity.Burst.CodeGen.BurstILPostProcessor
[1010/1123  0s] ILPostProcess Library/Bee/artifacts/1900b0aE.dag/post-processed/Unity.2D.SpriteShape.Editor.dll (+pdb)
Processing assembly Library/Bee/artifacts/1900b0aE.dag/Unity.2D.SpriteShape.Editor.dll, with 142 defines and 310 references

processors: Unity.Jobs.CodeGen.JobsILPostProcessor, zzzUnity.Burst.CodeGen.BurstILPostProcessor

running Unity.Jobs.CodeGen.JobsILPostProcessor

running zzzUnity.Burst.CodeGen.BurstILPostProcessor
[1011/1123  0s] ILPostProcess Library/Bee/artifacts/1900b0aE.dag/post-processed/Unity.InternalAPIEditorBridge.001.dll (+pdb)
Processing assembly Library/Bee/artifacts/1900b0aE.dag/Unity.InternalAPIEditorBridge.001.dll, with 142 defines and 306 references

processors: Unity.Jobs.CodeGen.JobsILPostProcessor, zzzUnity.Burst.CodeGen.BurstILPostProcessor

running Unity.Jobs.CodeGen.JobsILPostProcessor

running zzzUnity.Burst.CodeGen.BurstILPostProcessor
[1012/1123  0s] ILPostProcess Library/Bee/artifacts/1900b0aE.dag/post-processed/Unity.2D.Sprite.Editor.dll (+pdb)
Processing assembly Library/Bee/artifacts/1900b0aE.dag/Unity.2D.Sprite.Editor.dll, with 141 defines and 305 references

processors: Unity.Jobs.CodeGen.JobsILPostProcessor, zzzUnity.Burst.CodeGen.BurstILPostProcessor

running Unity.Jobs.CodeGen.JobsILPostProcessor

running zzzUnity.Burst.CodeGen.BurstILPostProcessor
[1013/1123  0s] ILPostProcess Library/Bee/artifacts/1900b0aE.dag/post-processed/Unity.2D.Tilemap.Editor.dll (+pdb)
Processing assembly Library/Bee/artifacts/1900b0aE.dag/Unity.2D.Tilemap.Editor.dll, with 141 defines and 305 references

processors: Unity.Jobs.CodeGen.JobsILPostProcessor, zzzUnity.Burst.CodeGen.BurstILPostProcessor

running Unity.Jobs.CodeGen.JobsILPostProcessor

running zzzUnity.Burst.CodeGen.BurstILPostProcessor
[1014/1123  0s] ILPostProcess Library/Bee/artifacts/1900b0aE.dag/post-processed/Unity.VisualScripting.Flow.Editor.dll (+pdb)
Processing assembly Library/Bee/artifacts/1900b0aE.dag/Unity.VisualScripting.Flow.Editor.dll, with 143 defines and 309 references

processors: Unity.Jobs.CodeGen.JobsILPostProcessor, zzzUnity.Burst.CodeGen.BurstILPostProcessor

running Unity.Jobs.CodeGen.JobsILPostProcessor

running zzzUnity.Burst.CodeGen.BurstILPostProcessor
[1015/1123  0s] ILPostProcess Library/Bee/artifacts/1900b0aE.dag/post-processed/Unity.Collections.Editor.dll (+pdb)
Processing assembly Library/Bee/artifacts/1900b0aE.dag/Unity.Collections.Editor.dll, with 142 defines and 306 references

processors: Unity.Jobs.CodeGen.JobsILPostProcessor, zzzUnity.Burst.CodeGen.BurstILPostProcessor

running Unity.Jobs.CodeGen.JobsILPostProcessor

running zzzUnity.Burst.CodeGen.BurstILPostProcessor
[1016/1123  0s] ILPostProcess Library/Bee/artifacts/1900b0aE.dag/post-processed/Unity.InputSystem.ForUI.Editor.dll (+pdb)
Processing assembly Library/Bee/artifacts/1900b0aE.dag/Unity.InputSystem.ForUI.Editor.dll, with 141 defines and 307 references

processors: Unity.Jobs.CodeGen.JobsILPostProcessor, zzzUnity.Burst.CodeGen.BurstILPostProcessor

running Unity.Jobs.CodeGen.JobsILPostProcessor

running zzzUnity.Burst.CodeGen.BurstILPostProcessor
[1017/1123  0s] ILPostProcess Library/Bee/artifacts/1900b0aE.dag/post-processed/Unity.CollabProxy.Editor.dll (+pdb)
Processing assembly Library/Bee/artifacts/1900b0aE.dag/Unity.CollabProxy.Editor.dll, with 141 defines and 306 references

processors: Unity.Jobs.CodeGen.JobsILPostProcessor, zzzUnity.Burst.CodeGen.BurstILPostProcessor

running Unity.Jobs.CodeGen.JobsILPostProcessor

running zzzUnity.Burst.CodeGen.BurstILPostProcessor
[1018/1123  0s] ILPostProcess Library/Bee/artifacts/1900b0aE.dag/post-processed/Unity.PlasticSCM.Editor.Assistant.dll (+pdb)
Processing assembly Library/Bee/artifacts/1900b0aE.dag/Unity.PlasticSCM.Editor.Assistant.dll, with 141 defines and 306 references

processors: Unity.Jobs.CodeGen.JobsILPostProcessor, zzzUnity.Burst.CodeGen.BurstILPostProcessor

running Unity.Jobs.CodeGen.JobsILPostProcessor

running zzzUnity.Burst.CodeGen.BurstILPostProcessor
[1019/1123  0s] ILPostProcess Library/Bee/artifacts/1900b0aE.dag/post-processed/Unity.ShaderGraph.Utilities.dll (+pdb)
Processing assembly Library/Bee/artifacts/1900b0aE.dag/Unity.ShaderGraph.Utilities.dll, with 141 defines and 305 references

processors: Unity.Jobs.CodeGen.JobsILPostProcessor, zzzUnity.Burst.CodeGen.BurstILPostProcessor

running Unity.Jobs.CodeGen.JobsILPostProcessor

running zzzUnity.Burst.CodeGen.BurstILPostProcessor
[1020/1123  1s] ILPostProcess Library/Bee/artifacts/1900b0aE.dag/post-processed/Unity.Collections.dll (+pdb)
Processing assembly Library/Bee/artifacts/1900b0aE.dag/Unity.Collections.dll, with 145 defines and 298 references

processors: Unity.Jobs.CodeGen.JobsILPostProcessor, zzzUnity.Burst.CodeGen.BurstILPostProcessor

running Unity.Jobs.CodeGen.JobsILPostProcessor

running zzzUnity.Burst.CodeGen.BurstILPostProcessor
[1021/1123  0s] ILPostProcess Library/Bee/artifacts/1900b0aE.dag/post-processed/Unity.PlasticSCM.Editor.Entities.dll (+pdb)
Processing assembly Library/Bee/artifacts/1900b0aE.dag/Unity.PlasticSCM.Editor.Entities.dll, with 141 defines and 306 references

processors: Unity.Jobs.CodeGen.JobsILPostProcessor, zzzUnity.Burst.CodeGen.BurstILPostProcessor

running Unity.Jobs.CodeGen.JobsILPostProcessor

running zzzUnity.Burst.CodeGen.BurstILPostProcessor
[1022/1123  0s] ILPostProcess Library/Bee/artifacts/1900b0aE.dag/post-processed/Unity.TextMeshPro.Editor.dll (+pdb)
Processing assembly Library/Bee/artifacts/1900b0aE.dag/Unity.TextMeshPro.Editor.dll, with 141 defines and 307 references

processors: Unity.Jobs.CodeGen.JobsILPostProcessor, zzzUnity.Burst.CodeGen.BurstILPostProcessor

running Unity.Jobs.CodeGen.JobsILPostProcessor

running zzzUnity.Burst.CodeGen.BurstILPostProcessor
[1023/1123  0s] ILPostProcess Library/Bee/artifacts/1900b0aE.dag/post-processed/Unity.Rendering.LightTransport.Editor.dll (+pdb)
Processing assembly Library/Bee/artifacts/1900b0aE.dag/Unity.Rendering.LightTransport.Editor.dll, with 141 defines and 305 references

processors: Unity.Jobs.CodeGen.JobsILPostProcessor, zzzUnity.Burst.CodeGen.BurstILPostProcessor

running Unity.Jobs.CodeGen.JobsILPostProcessor

running zzzUnity.Burst.CodeGen.BurstILPostProcessor
[1024/1123  0s] ILPostProcess Library/Bee/artifacts/1900b0aE.dag/post-processed/Unity.VisualScripting.Core.Editor.dll (+pdb)
Processing assembly Library/Bee/artifacts/1900b0aE.dag/Unity.VisualScripting.Core.Editor.dll, with 141 defines and 306 references

processors: Unity.Jobs.CodeGen.JobsILPostProcessor, zzzUnity.Burst.CodeGen.BurstILPostProcessor

running Unity.Jobs.CodeGen.JobsILPostProcessor

running zzzUnity.Burst.CodeGen.BurstILPostProcessor
[1025/1123  0s] ILPostProcess Library/Bee/artifacts/1900b0aE.dag/post-processed/Unity.VisualScripting.SettingsProvider.Editor.dll (+pdb)
Processing assembly Library/Bee/artifacts/1900b0aE.dag/Unity.VisualScripting.SettingsProvider.Editor.dll, with 141 defines and 310 references

processors: Unity.Jobs.CodeGen.JobsILPostProcessor, zzzUnity.Burst.CodeGen.BurstILPostProcessor

running Unity.Jobs.CodeGen.JobsILPostProcessor

running zzzUnity.Burst.CodeGen.BurstILPostProcessor
[1026/1123  0s] ILPostProcess Library/Bee/artifacts/1900b0aE.dag/post-processed/Unity.PathTracing.Editor.dll (+pdb)
Processing assembly Library/Bee/artifacts/1900b0aE.dag/Unity.PathTracing.Editor.dll, with 142 defines and 309 references

processors: Unity.Jobs.CodeGen.JobsILPostProcessor, zzzUnity.Burst.CodeGen.BurstILPostProcessor

running Unity.Jobs.CodeGen.JobsILPostProcessor

running zzzUnity.Burst.CodeGen.BurstILPostProcessor
[1027/1123  0s] ILPostProcess Library/Bee/artifacts/1900b0aE.dag/post-processed/Unity.VisualScripting.Shared.Editor.dll (+pdb)
Processing assembly Library/Bee/artifacts/1900b0aE.dag/Unity.VisualScripting.Shared.Editor.dll, with 141 defines and 311 references

processors: Unity.Jobs.CodeGen.JobsILPostProcessor, zzzUnity.Burst.CodeGen.BurstILPostProcessor

running Unity.Jobs.CodeGen.JobsILPostProcessor

running zzzUnity.Burst.CodeGen.BurstILPostProcessor
[1028/1123  0s] ILPostProcess Library/Bee/artifacts/1900b0aE.dag/post-processed/Unity.PlasticSCM.Editor.dll (+pdb)
Processing assembly Library/Bee/artifacts/1900b0aE.dag/Unity.PlasticSCM.Editor.dll, with 142 defines and 295 references

processors: Unity.Jobs.CodeGen.JobsILPostProcessor, zzzUnity.Burst.CodeGen.BurstILPostProcessor

running Unity.Jobs.CodeGen.JobsILPostProcessor

running zzzUnity.Burst.CodeGen.BurstILPostProcessor
[1029/1123  0s] ILPostProcess Library/Bee/artifacts/1900b0aE.dag/post-processed/Unity.InternalAPIEditorBridge.ShaderGraph.Editor.dll (+pdb)
Processing assembly Library/Bee/artifacts/1900b0aE.dag/Unity.InternalAPIEditorBridge.ShaderGraph.Editor.dll, with 141 defines and 305 references

processors: Unity.Jobs.CodeGen.JobsILPostProcessor, zzzUnity.Burst.CodeGen.BurstILPostProcessor

running Unity.Jobs.CodeGen.JobsILPostProcessor

running zzzUnity.Burst.CodeGen.BurstILPostProcessor
[1030/1123  0s] CopyFiles Library/ScriptAssemblies/Unity.2D.SpriteShape.Runtime.dll
[1031/1123  0s] CopyFiles Library/ScriptAssemblies/UnityEngine.UI.dll
[1032/1123  0s] CopyFiles Library/ScriptAssemblies/Unity.RenderPipelines.Universal.Config.Runtime.dll
[1033/1123  0s] CopyFiles Library/ScriptAssemblies/Unity.RenderPipeline.Universal.ShaderLibrary.dll
[1034/1123  0s] CopyFiles Library/ScriptAssemblies/Unity.Collections.dll
[1035/1123  0s] CopyFiles Library/ScriptAssemblies/Unity.InputSystem.dll
[1036/1123  0s] CopyFiles Library/ScriptAssemblies/Unity.VisualScripting.Flow.dll
[1037/1123  0s] CopyFiles Library/ScriptAssemblies/Unity.InternalAPIEngineBridge.001.dll
[1038/1123  0s] CopyFiles Library/ScriptAssemblies/Unity.Mathematics.dll
[1039/1123  0s] CopyFiles Library/ScriptAssemblies/Unity.PerformanceTesting.dll
[1040/1123  0s] CopyFiles Library/ScriptAssemblies/Unity.RenderPipelines.GPUDriven.Runtime.dll
[1041/1123  0s] CopyFiles Library/ScriptAssemblies/Unity.RenderPipelines.Core.Runtime.Shared.dll
[1042/1123  0s] CopyFiles Library/ScriptAssemblies/Unity.RenderPipelines.Universal.2D.Runtime.dll
[1043/1123  0s] CopyFiles Library/ScriptAssemblies/Unity.Multiplayer.Center.Common.dll
[1044/1123  0s] CopyFiles Library/ScriptAssemblies/Unity.PathTracing.Runtime.dll
[1045/1123  0s] CopyFiles Library/ScriptAssemblies/Unity.2D.Animation.Runtime.dll
[1046/1123  0s] CopyFiles Library/ScriptAssemblies/Unity.SurfaceCache.Runtime.dll
[1047/1123  0s] CopyFiles Library/ScriptAssemblies/Unity.2D.Tilemap.Extras.dll
[1048/1123  0s] CopyFiles Library/ScriptAssemblies/Unity.RenderPipelines.Core.ShaderLibrary.dll
[1049/1123  0s] CopyFiles Library/ScriptAssemblies/Unity.TextMeshPro.dll
[1050/1123  0s] CopyFiles Library/ScriptAssemblies/Unity.InternalAPIEngineBridge.RenderPipelines.Core.Runtime.Shared.dll
[1051/1123  0s] ILPostProcess Library/Bee/artifacts/1900b0aE.dag/post-processed/Unity.2D.Common.Path.Editor.dll (+pdb)
Processing assembly Library/Bee/artifacts/1900b0aE.dag/Unity.2D.Common.Path.Editor.dll, with 141 defines and 305 references

processors: Unity.Jobs.CodeGen.JobsILPostProcessor, zzzUnity.Burst.CodeGen.BurstILPostProcessor

running Unity.Jobs.CodeGen.JobsILPostProcessor

running zzzUnity.Burst.CodeGen.BurstILPostProcessor
[1052/1123  0s] CopyFiles Library/ScriptAssemblies/Unity.VisualScripting.State.dll
[1053/1123  0s] CopyFiles Library/ScriptAssemblies/Unity.RenderPipelines.ShaderGraph.ShaderGraphLibrary.dll
[1054/1123  0s] CopyFiles Library/ScriptAssemblies/Unity.Timeline.dll
[1055/1123  0s] CopyFiles Library/ScriptAssemblies/Unity.InternalAPIEngineBridge.004.dll
[1056/1123  0s] CopyFiles Library/ScriptAssemblies/Unity.2D.IK.Runtime.dll
[1057/1123  0s] CopyFiles Library/ScriptAssemblies/Unity.VisualScripting.DocCodeExamples.dll
[1058/1123  0s] CopyFiles Library/ScriptAssemblies/Unity.InputSystem.ForUI.dll
[1059/1123  0s] CopyFiles Library/ScriptAssemblies/Unity.VisualScripting.Core.dll
[1060/1123  0s] CopyFiles Library/ScriptAssemblies/Unity.Burst.dll
[1061/1123  0s] CopyFiles Library/ScriptAssemblies/Unity.RenderPipelines.Universal.Runtime.dll
[1062/1123  0s] CopyFiles Library/ScriptAssemblies/Unity.2D.Common.Runtime.dll
[1063/1123  0s] CopyFiles Library/ScriptAssemblies/Unity.InputSystem.TestFramework.dll
[1064/1123  0s] CopyFiles Library/ScriptAssemblies/Unity.UnifiedRayTracing.Runtime.dll
[1065/1123  0s] CopyFiles Library/ScriptAssemblies/Unity.RenderPipelines.Universal.Shaders.dll
[1066/1123  0s] CopyFiles Library/ScriptAssemblies/Unity.RenderPipelines.Core.Runtime.dll
[1067/1123  0s] CopyFiles Library/ScriptAssemblies/Unity.InternalAPIEditorBridge.ShaderGraph.Editor.pdb
[1068/1123  0s] CopyFiles Library/ScriptAssemblies/Unity.InternalAPIEditorBridge.ShaderGraph.Editor.dll
[1069/1123  0s] CopyFiles Library/ScriptAssemblies/Unity.PlasticSCM.Editor.pdb
[1070/1123  0s] CopyFiles Library/ScriptAssemblies/Unity.2D.Common.Path.Editor.dll
[1071/1123  0s] CopyFiles Library/ScriptAssemblies/Unity.2D.Common.Path.Editor.pdb
[1072/1123  0s] CopyFiles Library/ScriptAssemblies/Unity.VisualScripting.Shared.Editor.pdb
[1073/1123  0s] CopyFiles Library/ScriptAssemblies/Unity.VisualScripting.Shared.Editor.dll
[1074/1123  0s] CopyFiles Library/ScriptAssemblies/Unity.PathTracing.Editor.pdb
[1075/1123  0s] ILPostProcess Library/Bee/artifacts/1900b0aE.dag/post-processed/Unity.2D.Triangulation.Runtime.dll (+pdb)
Processing assembly Library/Bee/artifacts/1900b0aE.dag/Unity.2D.Triangulation.Runtime.dll, with 141 defines and 295 references

processors: Unity.Jobs.CodeGen.JobsILPostProcessor, zzzUnity.Burst.CodeGen.BurstILPostProcessor

running Unity.Jobs.CodeGen.JobsILPostProcessor

running zzzUnity.Burst.CodeGen.BurstILPostProcessor
[1076/1123  0s] CopyFiles Library/ScriptAssemblies/Unity.PathTracing.Editor.dll
[1077/1123  0s] CopyFiles Library/ScriptAssemblies/Unity.VisualScripting.SettingsProvider.Editor.dll
[1078/1123  0s] CopyFiles Library/ScriptAssemblies/Unity.VisualScripting.SettingsProvider.Editor.pdb
[1079/1123  0s] CopyFiles Library/ScriptAssemblies/Unity.VisualScripting.Core.Editor.pdb
[1080/1123  0s] CopyFiles Library/ScriptAssemblies/Unity.VisualScripting.Core.Editor.dll
[1081/1123  0s] CopyFiles Library/ScriptAssemblies/Unity.Rendering.LightTransport.Editor.pdb
[1082/1123  0s] CopyFiles Library/ScriptAssemblies/Unity.Rendering.LightTransport.Editor.dll
[1083/1123  0s] CopyFiles Library/ScriptAssemblies/Unity.TextMeshPro.Editor.pdb
[1084/1123  0s] CopyFiles Library/ScriptAssemblies/Unity.2D.Triangulation.Runtime.pdb
[1085/1123  0s] CopyFiles Library/ScriptAssemblies/Unity.2D.Triangulation.Runtime.dll
[1086/1123  0s] CopyFiles Library/ScriptAssemblies/Unity.PlasticSCM.Editor.Entities.dll
[1087/1123  0s] CopyFiles Library/ScriptAssemblies/Unity.PlasticSCM.Editor.Entities.pdb
[1088/1123  0s] CopyFiles Library/ScriptAssemblies/Unity.Collections.pdb
[1089/1123  0s] CopyFiles Library/ScriptAssemblies/Unity.ShaderGraph.Utilities.pdb
[1090/1123  0s] CopyFiles Library/ScriptAssemblies/Unity.ShaderGraph.Utilities.dll
[1091/1123  0s] CopyFiles Library/ScriptAssemblies/Unity.PlasticSCM.Editor.Assistant.dll
[1092/1123  0s] CopyFiles Library/ScriptAssemblies/Unity.PlasticSCM.Editor.Assistant.pdb
[1093/1123  0s] CopyFiles Library/ScriptAssemblies/Unity.CollabProxy.Editor.dll
[1094/1123  0s] CopyFiles Library/ScriptAssemblies/Unity.CollabProxy.Editor.pdb
[1095/1123  0s] CopyFiles Library/ScriptAssemblies/Unity.Collections.Editor.pdb
[1096/1123  0s] CopyFiles Library/ScriptAssemblies/Unity.Collections.Editor.dll
[1097/1123  0s] CopyFiles Library/ScriptAssemblies/Unity.InputSystem.ForUI.Editor.dll
[1098/1123  0s] CopyFiles Library/ScriptAssemblies/Unity.InputSystem.ForUI.Editor.pdb
[1099/1123  0s] CopyFiles Library/ScriptAssemblies/Unity.VisualScripting.Flow.Editor.pdb
[1100/1123  0s] CopyFiles Library/ScriptAssemblies/Unity.VisualScripting.Flow.Editor.dll
[1101/1123  0s] CopyFiles Library/ScriptAssemblies/Unity.2D.Tilemap.Editor.pdb
[1102/1123  0s] CopyFiles Library/ScriptAssemblies/Unity.2D.Tilemap.Editor.dll
[1103/1123  0s] CopyFiles Library/ScriptAssemblies/Unity.2D.Sprite.Editor.dll
[1104/1123  0s] CopyFiles Library/ScriptAssemblies/Unity.2D.Sprite.Editor.pdb
[1105/1123  0s] CopyFiles Library/ScriptAssemblies/Unity.InternalAPIEditorBridge.001.pdb
[1106/1123  0s] CopyFiles Library/ScriptAssemblies/Unity.InternalAPIEditorBridge.001.dll
[1107/1123  0s] ILPostProcess Library/Bee/artifacts/1900b0aE.dag/post-processed/Unity.RenderPipelines.Universal.Editor.dll (+pdb)
Processing assembly Library/Bee/artifacts/1900b0aE.dag/Unity.RenderPipelines.Universal.Editor.dll, with 145 defines and 320 references

processors: Unity.Jobs.CodeGen.JobsILPostProcessor, zzzUnity.Burst.CodeGen.BurstILPostProcessor

running Unity.Jobs.CodeGen.JobsILPostProcessor

running zzzUnity.Burst.CodeGen.BurstILPostProcessor
[1108/1123  0s] CopyFiles Library/ScriptAssemblies/Unity.2D.SpriteShape.Editor.pdb
[1109/1123  0s] CopyFiles Library/ScriptAssemblies/Unity.2D.SpriteShape.Editor.dll
[1110/1123  0s] CopyFiles Library/ScriptAssemblies/Unity.VisualScripting.State.Editor.dll
[1111/1123  0s] CopyFiles Library/ScriptAssemblies/Unity.VisualScripting.State.Editor.pdb
[1112/1123  0s] CopyFiles Library/ScriptAssemblies/PsdPlugin.pdb
[1113/1123  0s] CopyFiles Library/ScriptAssemblies/PsdPlugin.dll
[1114/1123  0s] CopyFiles Library/ScriptAssemblies/Unity.2D.IK.Editor.dll
[1115/1123  0s] CopyFiles Library/ScriptAssemblies/Unity.2D.IK.Editor.pdb
[1116/1123  0s] CopyFiles Library/ScriptAssemblies/ScriptablePacker.dll
[1117/1123  0s] ILPostProcess Library/Bee/artifacts/1900b0aE.dag/post-processed/Unity.ShaderGraph.Editor.dll (+pdb)
Processing assembly Library/Bee/artifacts/1900b0aE.dag/Unity.ShaderGraph.Editor.dll, with 141 defines and 310 references

processors: Unity.Jobs.CodeGen.JobsILPostProcessor, zzzUnity.Burst.CodeGen.BurstILPostProcessor

running Unity.Jobs.CodeGen.JobsILPostProcessor

running zzzUnity.Burst.CodeGen.BurstILPostProcessor
[1118/1123  0s] CopyFiles Library/ScriptAssemblies/ScriptablePacker.pdb
[1119/1123  0s] CopyFiles Library/ScriptAssemblies/UnityEditor.UI.Analytics.dll
[1120/1123  0s] CopyFiles Library/ScriptAssemblies/UnityEditor.UI.Analytics.pdb
[1121/1123  0s] CopyFiles Library/ScriptAssemblies/Unity.2D.Tooling.Editor.pdb
[1122/1123  0s] CopyFiles Library/ScriptAssemblies/Unity.2D.Tooling.Editor.dll
[1123/1123  0s] CopyFiles Library/ScriptAssemblies/Unity.2D.Aseprite.Common.dll
[1124/1123  0s] CopyFiles Library/ScriptAssemblies/Unity.2D.Aseprite.Common.pdb
[1125/1123  0s] CopyFiles Library/ScriptAssemblies/Unity.Multiplayer.Center.Editor.dll
[1126/1123  0s] CopyFiles Library/ScriptAssemblies/Unity.Multiplayer.Center.Editor.pdb
[1127/1123  0s] CopyFiles Library/ScriptAssemblies/Unity.PerformanceTesting.Editor.dll
[1128/1123  0s] CopyFiles Library/ScriptAssemblies/Unity.PerformanceTesting.Editor.pdb
[1129/1123  0s] CopyFiles Library/ScriptAssemblies/Unity.2D.Common.Editor.dll
[1130/1123  0s] CopyFiles Library/ScriptAssemblies/Unity.2D.Common.Editor.pdb
[1131/1123  0s] ILPostProcess Library/Bee/artifacts/1900b0aE.dag/post-processed/Unity.Burst.Editor.dll (+pdb)
Processing assembly Library/Bee/artifacts/1900b0aE.dag/Unity.Burst.Editor.dll, with 141 defines and 306 references

processors: Unity.Jobs.CodeGen.JobsILPostProcessor, zzzUnity.Burst.CodeGen.BurstILPostProcessor

running Unity.Jobs.CodeGen.JobsILPostProcessor

running zzzUnity.Burst.CodeGen.BurstILPostProcessor
[1132/1123  0s] CopyFiles Library/ScriptAssemblies/Unity.2D.Animation.Runtime.pdb
[1133/1123  0s] CopyFiles Library/ScriptAssemblies/Unity.RenderPipelines.GPUDriven.Runtime.pdb
[1134/1123  0s] CopyFiles Library/ScriptAssemblies/Unity.Searcher.Editor.pdb
[1135/1123  0s] CopyFiles Library/ScriptAssemblies/Unity.Searcher.Editor.dll
[1136/1123  0s] CopyFiles Library/ScriptAssemblies/Unity.InternalAPIEngineBridge.RenderPipelines.Core.Editor.dll
[1137/1123  0s] CopyFiles Library/ScriptAssemblies/Unity.InternalAPIEngineBridge.RenderPipelines.Core.Editor.pdb
[1138/1123  0s] CopyFiles Library/ScriptAssemblies/UnityEditor.UI.dll
[1139/1123  0s] CopyFiles Library/ScriptAssemblies/UnityEditor.UI.pdb
[1140/1123  0s] CopyFiles Library/ScriptAssemblies/Unity.2D.Common.Runtime.pdb
[1141/1123  0s] CopyFiles Library/ScriptAssemblies/Unity.2D.SpriteShape.Runtime.pdb
[1142/1123  0s] CopyFiles Library/ScriptAssemblies/Unity.2D.IK.Runtime.pdb
[1143/1123  0s] CopyFiles Library/ScriptAssemblies/Unity.RenderPipelines.Universal.2D.Runtime.pdb
[1144/1123  0s] CopyFiles Library/ScriptAssemblies/Unity.RenderPipelines.Universal.Editor.pdb
[1145/1123  0s] CopyFiles Library/ScriptAssemblies/Unity.Burst.pdb
[1146/1123  0s] CopyFiles Library/ScriptAssemblies/Unity.PathTracing.Runtime.pdb
[1147/1123  0s] CopyFiles Library/ScriptAssemblies/Unity.UnifiedRayTracing.Runtime.pdb
[1148/1123  0s] CopyFiles Library/ScriptAssemblies/Unity.TextMeshPro.pdb
[1149/1123  0s] CopyFiles Library/ScriptAssemblies/Unity.RenderPipelines.Universal.Config.Runtime.pdb
[1150/1123  0s] CopyFiles Library/ScriptAssemblies/Unity.InputSystem.pdb
[1151/1123  0s] CopyFiles Library/ScriptAssemblies/Unity.InternalAPIEngineBridge.004.pdb
[1152/1123  0s] CopyFiles Library/ScriptAssemblies/Unity.Multiplayer.Center.Common.pdb
[1153/1123  0s] CopyFiles Library/ScriptAssemblies/Unity.VisualScripting.Flow.pdb
[1154/1123  0s] CopyFiles Library/ScriptAssemblies/Unity.ShaderGraph.Editor.pdb
[1155/1123  0s] CopyFiles Library/ScriptAssemblies/Unity.RenderPipelines.Core.Runtime.pdb
[1156/1123  0s] CopyFiles Library/ScriptAssemblies/Unity.RenderPipelines.Universal.Runtime.pdb
[1157/1123  0s] CopyFiles Library/ScriptAssemblies/Unity.RenderPipelines.Core.Runtime.Shared.pdb
[1158/1123  0s] CopyFiles Library/ScriptAssemblies/Unity.InternalAPIEngineBridge.RenderPipelines.Core.Runtime.Shared.pdb
[1159/1123  0s] CopyFiles Library/ScriptAssemblies/Unity.RenderPipelines.ShaderGraph.ShaderGraphLibrary.pdb
[1160/1123  0s] CopyFiles Library/ScriptAssemblies/Unity.RenderPipelines.Universal.Shaders.pdb
[1161/1123  0s] CopyFiles Library/ScriptAssemblies/Unity.InputSystem.ForUI.pdb
[1162/1123  0s] CopyFiles Library/ScriptAssemblies/Unity.RenderPipeline.Universal.ShaderLibrary.pdb
[1163/1123  0s] CopyFiles Library/ScriptAssemblies/Unity.Burst.Editor.pdb
[1164/1123  0s] CopyFiles Library/ScriptAssemblies/Unity.VisualScripting.State.pdb
[1165/1123  0s] CopyFiles Library/ScriptAssemblies/Unity.VisualScripting.DocCodeExamples.pdb
[1166/1123  0s] CopyFiles Library/ScriptAssemblies/Unity.SurfaceCache.Runtime.pdb
[1167/1123  0s] CopyFiles Library/ScriptAssemblies/Unity.VisualScripting.Core.pdb
[1168/1123  0s] CopyFiles Library/ScriptAssemblies/Unity.Timeline.pdb
[1169/1123  0s] CopyFiles Library/ScriptAssemblies/Unity.InputSystem.TestFramework.pdb
[1170/1123  0s] CopyFiles Library/ScriptAssemblies/Unity.2D.Tilemap.Extras.pdb
[1171/1123  0s] CopyFiles Library/ScriptAssemblies/Unity.Mathematics.pdb
[1172/1123  0s] CopyFiles Library/ScriptAssemblies/Unity.PerformanceTesting.pdb
[1173/1123  0s] CopyFiles Library/ScriptAssemblies/Unity.InternalAPIEngineBridge.001.pdb
[1174/1123  0s] CopyFiles Library/ScriptAssemblies/Unity.RenderPipelines.Core.ShaderLibrary.pdb
[1175/1123  0s] CopyFiles Library/ScriptAssemblies/UnityEngine.UI.pdb
[1176/1123  0s] ILPostProcess Library/Bee/artifacts/1900b0aE.dag/post-processed/Unity.InputSystem.DocCodeSamples.dll (+pdb)
Processing assembly Library/Bee/artifacts/1900b0aE.dag/Unity.InputSystem.DocCodeSamples.dll, with 141 defines and 292 references

processors: Unity.Jobs.CodeGen.JobsILPostProcessor, zzzUnity.Burst.CodeGen.BurstILPostProcessor

running Unity.Jobs.CodeGen.JobsILPostProcessor

running zzzUnity.Burst.CodeGen.BurstILPostProcessor
[1177/1123  0s] ILPostProcess Library/Bee/artifacts/1900b0aE.dag/post-processed/Unity.RenderPipelines.Universal.2D.Editor.Overrides.dll (+pdb)
Processing assembly Library/Bee/artifacts/1900b0aE.dag/Unity.RenderPipelines.Universal.2D.Editor.Overrides.dll, with 143 defines and 315 references

processors: Unity.Jobs.CodeGen.JobsILPostProcessor, zzzUnity.Burst.CodeGen.BurstILPostProcessor

running Unity.Jobs.CodeGen.JobsILPostProcessor

running zzzUnity.Burst.CodeGen.BurstILPostProcessor
[1178/1123  0s] CopyFiles Library/ScriptAssemblies/Unity.InputSystem.DocCodeSamples.dll
[1179/1123  0s] CopyFiles Library/ScriptAssemblies/Unity.InputSystem.DocCodeSamples.pdb
[1180/1123  0s] ILPostProcess Library/Bee/artifacts/1900b0aE.dag/post-processed/Unity.2D.Psdimporter.Editor.dll (+pdb)
Processing assembly Library/Bee/artifacts/1900b0aE.dag/Unity.2D.Psdimporter.Editor.dll, with 143 defines and 315 references

processors: Unity.Jobs.CodeGen.JobsILPostProcessor, zzzUnity.Burst.CodeGen.BurstILPostProcessor

running Unity.Jobs.CodeGen.JobsILPostProcessor

running zzzUnity.Burst.CodeGen.BurstILPostProcessor
[1181/1123  0s] CopyFiles Library/ScriptAssemblies/Unity.RenderPipelines.Universal.2D.Editor.Overrides.dll
[1182/1123  0s] CopyFiles Library/ScriptAssemblies/Unity.RenderPipelines.Universal.2D.Editor.Overrides.pdb
[1183/1123  0s] ILPostProcess Library/Bee/artifacts/1900b0aE.dag/post-processed/Unity.Timeline.Editor.dll (+pdb)
Processing assembly Library/Bee/artifacts/1900b0aE.dag/Unity.Timeline.Editor.dll, with 142 defines and 306 references

processors: Unity.Jobs.CodeGen.JobsILPostProcessor, zzzUnity.Burst.CodeGen.BurstILPostProcessor

running Unity.Jobs.CodeGen.JobsILPostProcessor

running zzzUnity.Burst.CodeGen.BurstILPostProcessor
[1184/1123  0s] ILPostProcess Library/Bee/artifacts/1900b0aE.dag/post-processed/Unity.2D.Tilemap.Extras.Editor.dll (+pdb)
Processing assembly Library/Bee/artifacts/1900b0aE.dag/Unity.2D.Tilemap.Extras.Editor.dll, with 141 defines and 307 references

processors: Unity.Jobs.CodeGen.JobsILPostProcessor, zzzUnity.Burst.CodeGen.BurstILPostProcessor

running Unity.Jobs.CodeGen.JobsILPostProcessor

running zzzUnity.Burst.CodeGen.BurstILPostProcessor
[1185/1123  0s] ILPostProcess Library/Bee/artifacts/1900b0aE.dag/post-processed/Unity.RenderPipelines.Core.Editor.Shared.dll (+pdb)
Processing assembly Library/Bee/artifacts/1900b0aE.dag/Unity.RenderPipelines.Core.Editor.Shared.dll, with 141 defines and 312 references

processors: Unity.Jobs.CodeGen.JobsILPostProcessor, zzzUnity.Burst.CodeGen.BurstILPostProcessor

running Unity.Jobs.CodeGen.JobsILPostProcessor

running zzzUnity.Burst.CodeGen.BurstILPostProcessor
[1186/1123  0s] CopyFiles Library/ScriptAssemblies/Unity.PlasticSCM.Editor.dll
[1187/1123  0s] CopyFiles Library/ScriptAssemblies/Unity.2D.Psdimporter.Editor.pdb
[1188/1123  0s] CopyFiles Library/ScriptAssemblies/Unity.2D.Tilemap.Extras.Editor.pdb
[1189/1123  0s] CopyFiles Library/ScriptAssemblies/Unity.Timeline.Editor.pdb
[1190/1123  0s] CopyFiles Library/ScriptAssemblies/Unity.RenderPipelines.Core.Editor.Shared.pdb
[1191/1123  0s] ILPostProcess Library/Bee/artifacts/1900b0aE.dag/post-processed/Unity.2D.Aseprite.Editor.dll (+pdb)
Processing assembly Library/Bee/artifacts/1900b0aE.dag/Unity.2D.Aseprite.Editor.dll, with 143 defines and 315 references

processors: Unity.Jobs.CodeGen.JobsILPostProcessor, zzzUnity.Burst.CodeGen.BurstILPostProcessor

running Unity.Jobs.CodeGen.JobsILPostProcessor

running zzzUnity.Burst.CodeGen.BurstILPostProcessor
[1192/1123  0s] CopyFiles Library/ScriptAssemblies/Unity.RenderPipelines.Universal.Editor.dll
[1193/1123  0s] CopyFiles Library/ScriptAssemblies/Unity.2D.Psdimporter.Editor.dll
[1194/1123  0s] CopyFiles Library/ScriptAssemblies/Unity.2D.Aseprite.Editor.pdb
[1195/1123  0s] CopyFiles Library/ScriptAssemblies/Unity.RenderPipelines.Core.Editor.Shared.dll
[1196/1123  0s] ILPostProcess Library/Bee/artifacts/1900b0aE.dag/post-processed/Assembly-CSharp.dll (+pdb)
Processing assembly Library/Bee/artifacts/1900b0aE.dag/Assembly-CSharp.dll, with 143 defines and 355 references

processors: Unity.Jobs.CodeGen.JobsILPostProcessor, zzzUnity.Burst.CodeGen.BurstILPostProcessor

running Unity.Jobs.CodeGen.JobsILPostProcessor

running zzzUnity.Burst.CodeGen.BurstILPostProcessor
[1197/1123  0s] ILPostProcess Library/Bee/artifacts/1900b0aE.dag/post-processed/Unity.RenderPipelines.Core.Editor.dll (+pdb)
Processing assembly Library/Bee/artifacts/1900b0aE.dag/Unity.RenderPipelines.Core.Editor.dll, with 144 defines and 314 references

processors: Unity.Jobs.CodeGen.JobsILPostProcessor, zzzUnity.Burst.CodeGen.BurstILPostProcessor

running Unity.Jobs.CodeGen.JobsILPostProcessor

running zzzUnity.Burst.CodeGen.BurstILPostProcessor
[1198/1123  0s] CopyFiles Library/ScriptAssemblies/Assembly-CSharp.pdb
[1199/1123  0s] CopyFiles Library/ScriptAssemblies/Unity.RenderPipelines.Core.Editor.pdb
[1200/1123  0s] CopyFiles Library/ScriptAssemblies/Unity.2D.Aseprite.Editor.dll
[1201/1123  0s] CopyFiles Library/ScriptAssemblies/Unity.2D.Tilemap.Extras.Editor.dll
[1202/1123  0s] CopyFiles Library/ScriptAssemblies/Unity.TextMeshPro.Editor.dll
[1203/1123  0s] CopyFiles Library/ScriptAssemblies/Unity.ShaderGraph.Editor.dll
[1204/1123  0s] CopyFiles Library/ScriptAssemblies/Unity.Timeline.Editor.dll
[1205/1123  0s] CopyFiles Library/ScriptAssemblies/Unity.Burst.Editor.dll
[1206/1123  0s] CopyFiles Library/ScriptAssemblies/Assembly-CSharp.dll
[1207/1123  0s] ILPostProcess Library/Bee/artifacts/1900b0aE.dag/post-processed/Unity.2D.Animation.Editor.dll (+pdb)
Processing assembly Library/Bee/artifacts/1900b0aE.dag/Unity.2D.Animation.Editor.dll, with 143 defines and 315 references

processors: Unity.Jobs.CodeGen.JobsILPostProcessor, zzzUnity.Burst.CodeGen.BurstILPostProcessor

running Unity.Jobs.CodeGen.JobsILPostProcessor

running zzzUnity.Burst.CodeGen.BurstILPostProcessor
[1208/1123  0s] CopyFiles Library/ScriptAssemblies/Unity.2D.Animation.Editor.pdb
[1209/1123  0s] CopyFiles Library/ScriptAssemblies/Unity.2D.Animation.Editor.dll
[1210/1123  0s] CopyFiles Library/ScriptAssemblies/Unity.RenderPipelines.Core.Editor.dll
*** Tundra build success (6.52 seconds), 435 items updated, 1123 evaluated
Total cache size 136636576
Total cache size after purge 136636576, took 00:00:00.1038249
AssetDatabase: script compilation time: 14.017887s
Begin MonoManager ReloadAssembly
Refreshing native plugins compatible for Editor in 2.37 ms, found 5 plugins.
Native extension for WindowsStandalone target not found
Native extension for WebGL target not found
Refreshing native plugins compatible for Editor in 2.47 ms, found 5 plugins.
ScheduleIndexationOnStartup MainProcess:True IndexOnStartup:True
Mono: successfully reloaded assembly
- Finished resetting the current domain, in  2.893 seconds
Domain Reload Profiling: 4217ms
	BeginReloadAssembly (232ms)
		DisableScriptedObjects (33ms)
		CreateAndSetChildDomain (56ms)
	RebuildCommonClasses (7ms)
	RebuildNativeTypeToScriptingClass (14ms)
	initialDomainReloadingComplete (51ms)
	LoadAllAssembliesAndSetupDomain (1016ms)
		LoadAssemblies (784ms)
		AnalyzeDomain (233ms)
			TypeCache.Refresh (172ms)
				TypeCache.ScanAssembly (162ms)
			BuildScriptInfoCaches (53ms)
			ResolveRequiredComponents (6ms)
	FinalizeReload (2895ms)
		SetupLoadedEditorAssemblies (0ms)
			BeforeProcessingInitializeOnLoad (66ms)
			ProcessInitializeOnLoadAttributes (2244ms)
			ProcessInitializeOnLoadMethodAttributes (360ms)
			AfterProcessingInitializeOnLoad (6ms)
		AwakeInstancesAfterBackupRestoration (27ms)
Starting new worker id: 0 with log in C:/Users/hugol/FlappyBird/Logs/AssetImportWorkerHW0.log

Asset Pipeline Refresh (id=b1a272897c9b62e4eacc1fc8815bd774): Total: 19.012 seconds - Initiated by InitialRefreshV2(ForceSynchronousImport)
	(Values over 0.05ms)
	Summary:
		Imports: total=0 (actual=0, local cache=0, cache server=0)
		Asset DB Process Time: managed=0 ms, native=3511 ms
		Asset DB Callback time: managed=33 ms, native=31 ms
		Scripting: domain reloads=1, domain reload time=1369 ms, compile time=14020 ms, other=46 ms
		Project Asset Count: scripts=1620, non-scripts=3304
		Asset File Changes: new=0, changed=0, moved=0, deleted=0
		Scan Filter Count: 0
	InvokePackagesCallback: 33.045ms
	ApplyChangesToAssetFolders: 0.565ms
	Scan: 151.359ms
	Collect global state as custom dependencies: 30.198ms
	CategorizeScriptCompilationAssets: 41.411ms
	ProcessAssetsWithTransientArtifactChanges: 113.951ms
	CategorizeAssets: 79.208ms
	CompileScripts: 14019.729ms
	ImportOutOfDateAssets: 2971.407ms (2916.649ms without children)
		UnloadImportedAssets: 0.850ms
		EnsureUptoDateAssetsAreRegisteredWithGuidPM: 0.791ms
		ImportSchedulerStart: 53.071ms
	PostProcessAllAssets: 33.291ms
		MonoPostProcessAllAssets: 33.217ms
			SyncVS.PostprocessSyncProject 9.254ms
			UniversalRenderPipelineGlobalSettingsPostprocessor.OnPostprocessAllAssets 9.172ms
			SpeedTree9Postprocessor.OnPostprocessAllAssets 1.647ms
			WindowAssetPostprocessingWatcher.OnPostprocessAllAssets 1.628ms
			EditModeScopePostprocessor.OnPostprocessAllAssets 0.791ms
			RenderPipelineGlobalSettingsPostprocessor.OnPostprocessAllAssets 0.687ms
			ShaderReflectionAssetPostProcessor.OnPostprocessAllAssets 0.316ms
			ReferencedClipsPostProcessor.OnPostprocessAllAssets 0.241ms
			InputActionAssetPostprocessor.OnPostprocessAllAssets 0.231ms
			TerrainToolbarOverlayPostProcessor.OnPostprocessAllAssets 0.179ms
			AssetDatabaseCallbacks.OnPostprocessAllAssets 0.149ms
			ProjectSettingsPostprocessor.OnPostprocessAllAssets 0.148ms
	UnloadStreamsBegin: 2.579ms
	PersistCurrentRevisions: 0.101ms
	GenerateScriptTypeHashes: 8.920ms
	GenerateScriptTypeSerializationHashes: 17.841ms
	Untracked: 1530.079ms

Application.AssetDatabase Initial Refresh End
Launched and connected shader compiler UnityShaderCompiler.exe after 0.01 seconds
Scanning for USB devices : 2.818ms
Initializing Unity extensions:
[MODES] ModeService[none].Initialize
[MODES] ModeService[none].LoadModes
[MODES] Loading mode Default (0) for mode-current-id-FlappyBird
Unloading 25 Unused Serialized files (Serialized files now loaded: 0)
Unloading 7410 unused Assets / (9.2 MB). Loaded Objects now: 8480.
Memory consumption went from 456.3 MB to 447.1 MB.
Total: 19.396100 ms (FindLiveObjects: 0.835200 ms CreateObjectMapping: 2.465100 ms MarkObjects: 6.706500 ms  DeleteObjects: 9.384700 ms)

[LAYOUT] About to load UserSettings\Layouts\default-6000.dwlt, keepMainWindow=False
Worker ready: AssetImportWorkerHW0 0
[LAYOUT] About to save layout C:\Users\hugol\FlappyBird\UserSettings\Layouts\default-6000.dwlt
[LAYOUT] About to save layout C:/Users/hugol/AppData/Roaming/Unity/Editor-5.x/Preferences\Layouts\current\default-6000.dwlt
[MODES] ModeService[default].InitializeCurrentMode
[MODES] ModeService[default].RaiseModeChanged(default, default)
This project uses Input Manager, which is marked for deprecation. To manage input in your project, use the <a href="https://docs.unity3d.com/Packages/com.unity.inputsystem@latest">Input System package</a> instead.
<RI> Initializing input.
Using Windows.Gaming.Input
<RI> Input initialized.
[Project] Loading completed in 26.516 seconds
	Project init time: 				23.194 seconds
		Template init time: 		0.000 seconds
		Package Manager init time: 		1.152 seconds
		Asset Database init time: 		0.446 seconds
		Global illumination init time: 	0.002 seconds
		Assemblies load time: 			0.903 seconds
		Unity extensions init time: 	0.035 seconds
		Asset Database refresh time: 	19.012 seconds
	Scene opening time: 			3.156 seconds
##utp:{"type":"ProjectInfo","version":2,"phase":"Immediate","time":1787836949703,"processId":16676,"projectLoad":26.5159799,"projectInit":23.194426,"templateInit":0.0,"packageManagerInit":1.1520789,"assetDatabaseInit":0.4463919,"globalIlluminationInit":0.0019514,"assembliesLoad":0.9032941,"unityExtensionsInit":0.0345667,"assetDatabaseRefresh":19.0120614,"sceneOpening":3.1557583}
##utp:{"type":"EditorInfo","version":2,"phase":"Immediate","time":1787836949703,"processId":16676,"editorVersion":"6000.5.9f1 (b57deb96f08d)","branch":"6000.5/staging","buildType":"Release","platform":"Windows"}
Asset Pipeline Refresh (id=192513fa914e6d443882f85245c4a24a): Total: 0.155 seconds - Initiated by RefreshV2(AllowForceSynchronousImport)
Start Indexing on Editor startup
[Indexing] Starting Initial Indexing for Assets
Created GICache directory at C:/Users/hugol/AppData/LocalLow/Unity/Caches/GiCache. Took: 0.015s, timestamps: [27.529 - 27.544]
[Licensing::Client] Successfully resolved entitlement details
[Licensing::Client] Successfully resolved entitlement details
[Licensing::Client] Successfully updated the access token
[Licensing::Module] Successfully updated access token: "LOzfSA9a"... (expires: 2026-08-27T15:08:57Z)
[Licensing::Client] Successfully resolved entitlement details
UPID Received '4344061b-91fc-4309-8529-20f9da0f756f'.
SpriteAtlasPacking completed in 0.005494 sec
Entering Playmode with Reload Domain disabled.
If you experience any issues, please disable "Enter Play Mode Options" in Editor Settings
Loaded scene 'Temp/__Backupscenes/0.backup'
	Deserialize:            0.935 ms
	Integration:            600.974 ms
	Integration of assets:  0.002 ms
	Thread Wait Time:       0.017 ms
	Total Operation Time:   601.928 ms
Unloading 6 Unused Serialized files (Serialized files now loaded: 0)
Loaded scene 'Temp/__Backupscenes/0.backup'
	Deserialize:            0.595 ms
	Integration:            460.697 ms
	Integration of assets:  0.002 ms
	Thread Wait Time:       0.032 ms
	Total Operation Time:   461.327 ms
Unloading 52 unused Assets / (17.8 MB). Loaded Objects now: 9451.
Memory consumption went from 0.67 GB to 0.65 GB.
Total: 36.216000 ms (FindLiveObjects: 0.565300 ms CreateObjectMapping: 0.847800 ms MarkObjects: 30.148900 ms  DeleteObjects: 4.651800 ms)

TrimDiskCacheJob: Current cache size 0mb
Asset Pipeline Refresh (id=f80f7bab8842cb447908566074e3e20d): Total: 0.010 seconds - Initiated by RefreshV2(AllowForceSynchronousImport)
Scanning for USB devices : 3.069ms
Scanning for USB devices : 2.456ms
Scanning for USB devices : 2.928ms
Scanning for USB devices : 2.856ms
Scanning for USB devices : 3.279ms
Scanning for USB devices : 3.006ms
Scanning for USB devices : 3.027ms
Scanning for USB devices : 2.952ms
Scanning for USB devices : 3.059ms
Scanning for USB devices : 2.681ms
Scanning for USB devices : 3.058ms
Scanning for USB devices : 2.783ms
Scanning for USB devices : 2.569ms
Scanning for USB devices : 3.043ms
Scanning for USB devices : 2.652ms
Scanning for USB devices : 3.081ms
Scanning for USB devices : 2.354ms
Scanning for USB devices : 2.685ms
Scanning for USB devices : 3.094ms
Scanning for USB devices : 2.943ms
Scanning for USB devices : 3.387ms
Scanning for USB devices : 2.390ms
Scanning for USB devices : 3.027ms
Scanning for USB devices : 2.734ms
Scanning for USB devices : 4.040ms
Scanning for USB devices : 2.561ms
Scanning for USB devices : 2.324ms
Scanning for USB devices : 2.533ms
Scanning for USB devices : 2.647ms
Scanning for USB devices : 2.840ms
Scanning for USB devices : 3.160ms
Scanning for USB devices : 2.607ms
[LAYOUT] About to load C:/Users/hugol/AppData/Roaming/Unity/Editor-5.x/Preferences\Layouts\default\2 by 3.wlt, keepMainWindow=True
[LAYOUT] About to save layout C:\Users\hugol\FlappyBird\UserSettings\Layouts\default-6000.dwlt
[LAYOUT] About to save layout C:/Users/hugol/AppData/Roaming/Unity/Editor-5.x/Preferences\Layouts\current\default-6000.dwlt
Asset Pipeline Refresh (id=413c4f55efa6d20499569d928386688a): Total: 0.005 seconds - Initiated by RefreshV2(AllowForceSynchronousImport)
Asset Pipeline Refresh (id=3873a204af4cf6a45970cb08c48864e3): Total: 0.004 seconds - Initiated by RefreshV2(AllowForceSynchronousImport)
Starting new worker id: 1 with log in C:/Users/hugol/FlappyBird/Logs/AssetImportWorkerHW1.log
[Worker0] Imported GUID: 0b4e80c653fdba8499d2dd0dab49c033 - Path: Assets/Sprite/base.png - Importer: PreviewImporter -> (ImportResultId: 'cbaa736f4b60fb040a20811c9c538bd5') in 0.0957387 seconds
Worker ready: AssetImportWorkerHW1 1
Importing 'GUID: f169668e3c3f9584880e34e6ac0d1562 - Path: Assets/Sprite/Materials/base.mat' with importer (NativeFormatImporter)
Imported 'GUID: f169668e3c3f9584880e34e6ac0d1562' -> (Import Result ID: '2d25338321af57a3c8c291b2b21dde0f') in 0.006 seconds [static dependencies only]. Details - ImportResultOutputID=11809e4023978fc30a40a6fbd71d5d62 DependenciesID=7cb4648e3ffbda4eaf2752d11782406a StaticDependenciesID=f06fe092fb938be352045dbf392820e2 
Refreshing native plugins compatible for Editor in 2.76 ms, found 5 plugins.

Asset Pipeline Refresh (id=0be21a2656700c840bb7f50c655a8d94): Total: 0.318 seconds - Initiated by StopAssetImportingV2(NoUpdateAssetOptions)
	(Values over 0.05ms)
	Summary:
		Imports: total=1 (actual=1, local cache=0, cache server=0)
		Asset DB Process Time: managed=3 ms, native=232 ms
		Asset DB Callback time: managed=74 ms, native=8 ms
		Scripting: domain reloads=0, domain reload time=0 ms, compile time=0 ms, other=0 ms
		Project Asset Count: scripts=1620, non-scripts=3305
		Asset File Changes: new=1, changed=1, moved=0, deleted=0
		Scan Filter Count: 4
	ApplyChangesToAssetFolders: 0.237ms
	Scan: 168.945ms
	Collect global state as custom dependencies: 0.551ms
	OnSourceAssetsModified: 0.719ms
	ProcessAssetsWithTransientArtifactChanges: 0.105ms
	CategorizeAssets: 13.900ms
	ImportOutOfDateAssets: 42.354ms (7.878ms without children)
		ImportManagerImport: 7.161ms (1.085ms without children)
		ReloadNativeAssets: 0.076ms
		UnloadImportedAssets: 0.113ms
		EnsureUptoDateAssetsAreRegisteredWithGuidPM: 0.421ms
		ImportSchedulerStart: 26.693ms
	PostProcessAllAssets: 74.669ms
		XRBuildSystem.XRAssetImported 3.749ms
		MonoPostProcessAllAssets: 70.304ms
			AssetPostprocessor.OnPostprocessAllAssets 32.151ms
			SyncVS.PostprocessSyncProject 21.395ms
			BuilderAssetPostprocessor.OnPostprocessAllAssets 4.903ms
			ShaderGraphAssetPostProcessor.OnPostprocessAllAssets 1.273ms
			RetainedModeAssetPostprocessor.OnPostprocessAllAssets 0.982ms
			MaterialPostprocessor.OnPostprocessAllAssets 0.706ms
			SpriteEditorTexturePostprocessor.OnPostprocessAllAssets 0.667ms
			TMPro_TexturePostProcessor.OnPostprocessAllAssets 0.468ms
			ArtifactBrowserPostProcessor.OnPostprocessAllAssets 0.412ms
			AssetProcessor.OnPostprocessAllAssets 0.363ms
			UVCSAssetPostprocessor.OnPostprocessAllAssets 0.350ms
			SpriteSlicePostprocessor.OnPostprocessAllAssets 0.335ms
			AudioMixerPostprocessor.OnPostprocessAllAssets 0.292ms
			AssetChangedListener.OnPostprocessAllAssets 0.284ms
			TextAssetPostProcessor.OnPostprocessAllAssets 0.265ms
			SampleDependencyImporterPostProcessor.OnPostprocessAllAssets 0.238ms
			InputActionJsonNameModifierAssetProcessor.OnPostprocessAllAssets 0.227ms
			PostProcessor.OnPostprocessAllAssets 0.200ms
			StyleCatalogPostProcessor.OnPostprocessAllAssets 0.192ms
			SpriteShapeAssetPostProcessor.OnPostprocessAllAssets 0.192ms
			SpriteLibraryAssetPostprocessor.OnPostprocessAllAssets 0.188ms
			AssetEvents.OnPostprocessAllAssets 0.181ms
			SamplePostprocessor.OnPostprocessAllAssets 0.134ms
			SpeedTreePostProcessor.OnPostprocessAllAssets 0.130ms
			PSDImportPostProcessor.OnPostprocessAllAssets 0.123ms
			ConfigAssetsTracker.OnPostprocessAllAssets 0.120ms
			ScenarioDriftAssetsTracker.OnPostprocessAllAssets 0.114ms
			AssetReloadNotifier.OnPostprocessAllAssets 0.095ms
			InputActionAssetPostprocessor.OnPostprocessAllAssets 0.094ms
			RenderPipelineGlobalSettingsPostprocessor.OnPostprocessAllAssets 0.094ms
			PSDImporterAssetPostProcessor.OnPostprocessAllAssets 0.080ms
			AudioContainerPostProcessor.OnPostprocessAllAssets 0.062ms
	PostAssetChangesProfiler: 7.201ms
	GatherAllCurrentPrimaryImportResultRevisions: 0.307ms
	UnloadStreamsBegin: 3.471ms
	PersistCurrentRevisions: 0.176ms
	Untracked: 4.276ms

[Worker0] Imported GUID: f169668e3c3f9584880e34e6ac0d1562 - Path: Assets/Sprite/Materials/base.mat - Importer: ScriptedImporter/UnityEditor.QuickSearchModule:UnityEditor.Search:ASIAI0B -> (ImportResultId: '49ad4089d78f82aa307e36d6d8b6a01b') in 0.0932386 seconds
Launched and connected shader compiler UnityShaderCompiler.exe after 0.01 seconds
SpriteAtlasPacking completed in 0.013308 sec
Entering Playmode with Reload Domain disabled.
If you experience any issues, please disable "Enter Play Mode Options" in Editor Settings
Loaded scene 'Temp/__Backupscenes/0.backup'
	Deserialize:            0.725 ms
	Integration:            426.879 ms
	Integration of assets:  0.001 ms
	Thread Wait Time:       0.017 ms
	Total Operation Time:   427.621 ms
IndexOutOfRangeException: Index was outside the bounds of the array.
  at BirdController.AnimateSprite () [0x00025] in C:\Users\hugol\FlappyBird\Assets\Scripts\BirdController.cs:53 

(Filename: Assets/Scripts/BirdController.cs Line: 53)

IndexOutOfRangeException: Index was outside the bounds of the array.
  at BirdController.AnimateSprite () [0x00025] in C:\Users\hugol\FlappyBird\Assets\Scripts\BirdController.cs:53 

(Filename: Assets/Scripts/BirdController.cs Line: 53)

IndexOutOfRangeException: Index was outside the bounds of the array.
  at BirdController.AnimateSprite () [0x00025] in C:\Users\hugol\FlappyBird\Assets\Scripts\BirdController.cs:53 

(Filename: Assets/Scripts/BirdController.cs Line: 53)

IndexOutOfRangeException: Index was outside the bounds of the array.
  at BirdController.AnimateSprite () [0x00025] in C:\Users\hugol\FlappyBird\Assets\Scripts\BirdController.cs:53 

(Filename: Assets/Scripts/BirdController.cs Line: 53)

IndexOutOfRangeException: Index was outside the bounds of the array.
  at BirdController.AnimateSprite () [0x00025] in C:\Users\hugol\FlappyBird\Assets\Scripts\BirdController.cs:53 

(Filename: Assets/Scripts/BirdController.cs Line: 53)

IndexOutOfRangeException: Index was outside the bounds of the array.
  at BirdController.AnimateSprite () [0x00025] in C:\Users\hugol\FlappyBird\Assets\Scripts\BirdController.cs:53 

(Filename: Assets/Scripts/BirdController.cs Line: 53)

IndexOutOfRangeException: Index was outside the bounds of the array.
  at BirdController.AnimateSprite () [0x00025] in C:\Users\hugol\FlappyBird\Assets\Scripts\BirdController.cs:53 

(Filename: Assets/Scripts/BirdController.cs Line: 53)

IndexOutOfRangeException: Index was outside the bounds of the array.
  at BirdController.AnimateSprite () [0x00025] in C:\Users\hugol\FlappyBird\Assets\Scripts\BirdController.cs:53 

(Filename: Assets/Scripts/BirdController.cs Line: 53)

IndexOutOfRangeException: Index was outside the bounds of the array.
  at BirdController.AnimateSprite () [0x00025] in C:\Users\hugol\FlappyBird\Assets\Scripts\BirdController.cs:53 

(Filename: Assets/Scripts/BirdController.cs Line: 53)

IndexOutOfRangeException: Index was outside the bounds of the array.
  at BirdController.AnimateSprite () [0x00025] in C:\Users\hugol\FlappyBird\Assets\Scripts\BirdController.cs:53 

(Filename: Assets/Scripts/BirdController.cs Line: 53)

IndexOutOfRangeException: Index was outside the bounds of the array.
  at BirdController.AnimateSprite () [0x00025] in C:\Users\hugol\FlappyBird\Assets\Scripts\BirdController.cs:53 

(Filename: Assets/Scripts/BirdController.cs Line: 53)

IndexOutOfRangeException: Index was outside the bounds of the array.
  at BirdController.AnimateSprite () [0x00025] in C:\Users\hugol\FlappyBird\Assets\Scripts\BirdController.cs:53 

(Filename: Assets/Scripts/BirdController.cs Line: 53)

IndexOutOfRangeException: Index was outside the bounds of the array.
  at BirdController.AnimateSprite () [0x00025] in C:\Users\hugol\FlappyBird\Assets\Scripts\BirdController.cs:53 

(Filename: Assets/Scripts/BirdController.cs Line: 53)

IndexOutOfRangeException: Index was outside the bounds of the array.
  at BirdController.AnimateSprite () [0x00025] in C:\Users\hugol\FlappyBird\Assets\Scripts\BirdController.cs:53 

(Filename: Assets/Scripts/BirdController.cs Line: 53)

IndexOutOfRangeException: Index was outside the bounds of the array.
  at BirdController.AnimateSprite () [0x00025] in C:\Users\hugol\FlappyBird\Assets\Scripts\BirdController.cs:53 

(Filename: Assets/Scripts/BirdController.cs Line: 53)

IndexOutOfRangeException: Index was outside the bounds of the array.
  at BirdController.AnimateSprite () [0x00025] in C:\Users\hugol\FlappyBird\Assets\Scripts\BirdController.cs:53 

(Filename: Assets/Scripts/BirdController.cs Line: 53)

IndexOutOfRangeException: Index was outside the bounds of the array.
  at BirdController.AnimateSprite () [0x00025] in C:\Users\hugol\FlappyBird\Assets\Scripts\BirdController.cs:53 

(Filename: Assets/Scripts/BirdController.cs Line: 53)

IndexOutOfRangeException: Index was outside the bounds of the array.
  at BirdController.AnimateSprite () [0x00025] in C:\Users\hugol\FlappyBird\Assets\Scripts\BirdController.cs:53 

(Filename: Assets/Scripts/BirdController.cs Line: 53)

IndexOutOfRangeException: Index was outside the bounds of the array.
  at BirdController.AnimateSprite () [0x00025] in C:\Users\hugol\FlappyBird\Assets\Scripts\BirdController.cs:53 

(Filename: Assets/Scripts/BirdController.cs Line: 53)

IndexOutOfRangeException: Index was outside the bounds of the array.
  at BirdController.AnimateSprite () [0x00025] in C:\Users\hugol\FlappyBird\Assets\Scripts\BirdController.cs:53 

(Filename: Assets/Scripts/BirdController.cs Line: 53)

IndexOutOfRangeException: Index was outside the bounds of the array.
  at BirdController.AnimateSprite () [0x00025] in C:\Users\hugol\FlappyBird\Assets\Scripts\BirdController.cs:53 

(Filename: Assets/Scripts/BirdController.cs Line: 53)

Unloading 4 Unused Serialized files (Serialized files now loaded: 0)
Loaded scene 'Temp/__Backupscenes/0.backup'
	Deserialize:            0.623 ms
	Integration:            415.668 ms
	Integration of assets:  0.001 ms
	Thread Wait Time:       0.013 ms
	Total Operation Time:   416.306 ms
Unloading 148 unused Assets / (12.0 MB). Loaded Objects now: 9770.
Memory consumption went from 0.71 GB to 0.70 GB.
Total: 38.110100 ms (FindLiveObjects: 0.533100 ms CreateObjectMapping: 0.724700 ms MarkObjects: 32.951100 ms  DeleteObjects: 3.899500 ms)

[Licensing::Client] Successfully resolved entitlement details
SpriteAtlasPacking completed in 0.004319 sec
Entering Playmode with Reload Domain disabled.
If you experience any issues, please disable "Enter Play Mode Options" in Editor Settings
Loaded scene 'Temp/__Backupscenes/0.backup'
	Deserialize:            0.548 ms
	Integration:            469.581 ms
	Integration of assets:  0.001 ms
	Thread Wait Time:       0.013 ms
	Total Operation Time:   470.143 ms
IndexOutOfRangeException: Index was outside the bounds of the array.
  at BirdController.AnimateSprite () [0x00025] in C:\Users\hugol\FlappyBird\Assets\Scripts\BirdController.cs:53 

(Filename: Assets/Scripts/BirdController.cs Line: 53)

IndexOutOfRangeException: Index was outside the bounds of the array.
  at BirdController.AnimateSprite () [0x00025] in C:\Users\hugol\FlappyBird\Assets\Scripts\BirdController.cs:53 

(Filename: Assets/Scripts/BirdController.cs Line: 53)

IndexOutOfRangeException: Index was outside the bounds of the array.
  at BirdController.AnimateSprite () [0x00025] in C:\Users\hugol\FlappyBird\Assets\Scripts\BirdController.cs:53 

(Filename: Assets/Scripts/BirdController.cs Line: 53)

IndexOutOfRangeException: Index was outside the bounds of the array.
  at BirdController.AnimateSprite () [0x00025] in C:\Users\hugol\FlappyBird\Assets\Scripts\BirdController.cs:53 

(Filename: Assets/Scripts/BirdController.cs Line: 53)

IndexOutOfRangeException: Index was outside the bounds of the array.
  at BirdController.AnimateSprite () [0x00025] in C:\Users\hugol\FlappyBird\Assets\Scripts\BirdController.cs:53 

(Filename: Assets/Scripts/BirdController.cs Line: 53)

IndexOutOfRangeException: Index was outside the bounds of the array.
  at BirdController.AnimateSprite () [0x00025] in C:\Users\hugol\FlappyBird\Assets\Scripts\BirdController.cs:53 

(Filename: Assets/Scripts/BirdController.cs Line: 53)

IndexOutOfRangeException: Index was outside the bounds of the array.
  at BirdController.AnimateSprite () [0x00025] in C:\Users\hugol\FlappyBird\Assets\Scripts\BirdController.cs:53 

(Filename: Assets/Scripts/BirdController.cs Line: 53)

IndexOutOfRangeException: Index was outside the bounds of the array.
  at BirdController.AnimateSprite () [0x00025] in C:\Users\hugol\FlappyBird\Assets\Scripts\BirdController.cs:53 

(Filename: Assets/Scripts/BirdController.cs Line: 53)

IndexOutOfRangeException: Index was outside the bounds of the array.
  at BirdController.AnimateSprite () [0x00025] in C:\Users\hugol\FlappyBird\Assets\Scripts\BirdController.cs:53 

(Filename: Assets/Scripts/BirdController.cs Line: 53)

IndexOutOfRangeException: Index was outside the bounds of the array.
  at BirdController.AnimateSprite () [0x00025] in C:\Users\hugol\FlappyBird\Assets\Scripts\BirdController.cs:53 

(Filename: Assets/Scripts/BirdController.cs Line: 53)

IndexOutOfRangeException: Index was outside the bounds of the array.
  at BirdController.AnimateSprite () [0x00025] in C:\Users\hugol\FlappyBird\Assets\Scripts\BirdController.cs:53 

(Filename: Assets/Scripts/BirdController.cs Line: 53)

IndexOutOfRangeException: Index was outside the bounds of the array.
  at BirdController.AnimateSprite () [0x00025] in C:\Users\hugol\FlappyBird\Assets\Scripts\BirdController.cs:53 

(Filename: Assets/Scripts/BirdController.cs Line: 53)

IndexOutOfRangeException: Index was outside the bounds of the array.
  at BirdController.AnimateSprite () [0x00025] in C:\Users\hugol\FlappyBird\Assets\Scripts\BirdController.cs:53 

(Filename: Assets/Scripts/BirdController.cs Line: 53)

IndexOutOfRangeException: Index was outside the bounds of the array.
  at BirdController.AnimateSprite () [0x00025] in C:\Users\hugol\FlappyBird\Assets\Scripts\BirdController.cs:53 

(Filename: Assets/Scripts/BirdController.cs Line: 53)

IndexOutOfRangeException: Index was outside the bounds of the array.
  at BirdController.AnimateSprite () [0x00025] in C:\Users\hugol\FlappyBird\Assets\Scripts\BirdController.cs:53 

(Filename: Assets/Scripts/BirdController.cs Line: 53)

IndexOutOfRangeException: Index was outside the bounds of the array.
  at BirdController.AnimateSprite () [0x00025] in C:\Users\hugol\FlappyBird\Assets\Scripts\BirdController.cs:53 

(Filename: Assets/Scripts/BirdController.cs Line: 53)

IndexOutOfRangeException: Index was outside the bounds of the array.
  at BirdController.AnimateSprite () [0x00025] in C:\Users\hugol\FlappyBird\Assets\Scripts\BirdController.cs:53 

(Filename: Assets/Scripts/BirdController.cs Line: 53)

IndexOutOfRangeException: Index was outside the bounds of the array.
  at BirdController.AnimateSprite () [0x00025] in C:\Users\hugol\FlappyBird\Assets\Scripts\BirdController.cs:53 

(Filename: Assets/Scripts/BirdController.cs Line: 53)

IndexOutOfRangeException: Index was outside the bounds of the array.
  at BirdController.AnimateSprite () [0x00025] in C:\Users\hugol\FlappyBird\Assets\Scripts\BirdController.cs:53 

(Filename: Assets/Scripts/BirdController.cs Line: 53)

IndexOutOfRangeException: Index was outside the bounds of the array.
  at BirdController.AnimateSprite () [0x00025] in C:\Users\hugol\FlappyBird\Assets\Scripts\BirdController.cs:53 

(Filename: Assets/Scripts/BirdController.cs Line: 53)

IndexOutOfRangeException: Index was outside the bounds of the array.
  at BirdController.AnimateSprite () [0x00025] in C:\Users\hugol\FlappyBird\Assets\Scripts\BirdController.cs:53 

(Filename: Assets/Scripts/BirdController.cs Line: 53)

IndexOutOfRangeException: Index was outside the bounds of the array.
  at BirdController.AnimateSprite () [0x00025] in C:\Users\hugol\FlappyBird\Assets\Scripts\BirdController.cs:53 

(Filename: Assets/Scripts/BirdController.cs Line: 53)

IndexOutOfRangeException: Index was outside the bounds of the array.
  at BirdController.AnimateSprite () [0x00025] in C:\Users\hugol\FlappyBird\Assets\Scripts\BirdController.cs:53 

(Filename: Assets/Scripts/BirdController.cs Line: 53)

IndexOutOfRangeException: Index was outside the bounds of the array.
  at BirdController.AnimateSprite () [0x00025] in C:\Users\hugol\FlappyBird\Assets\Scripts\BirdController.cs:53 

(Filename: Assets/Scripts/BirdController.cs Line: 53)

IndexOutOfRangeException: Index was outside the bounds of the array.
  at BirdController.AnimateSprite () [0x00025] in C:\Users\hugol\FlappyBird\Assets\Scripts\BirdController.cs:53 

(Filename: Assets/Scripts/BirdController.cs Line: 53)

IndexOutOfRangeException: Index was outside the bounds of the array.
  at BirdController.AnimateSprite () [0x00025] in C:\Users\hugol\FlappyBird\Assets\Scripts\BirdController.cs:53 

(Filename: Assets/Scripts/BirdController.cs Line: 53)

IndexOutOfRangeException: Index was outside the bounds of the array.
  at BirdController.AnimateSprite () [0x00025] in C:\Users\hugol\FlappyBird\Assets\Scripts\BirdController.cs:53 

(Filename: Assets/Scripts/BirdController.cs Line: 53)

IndexOutOfRangeException: Index was outside the bounds of the array.
  at BirdController.AnimateSprite () [0x00025] in C:\Users\hugol\FlappyBird\Assets\Scripts\BirdController.cs:53 

(Filename: Assets/Scripts/BirdController.cs Line: 53)

IndexOutOfRangeException: Index was outside the bounds of the array.
  at BirdController.AnimateSprite () [0x00025] in C:\Users\hugol\FlappyBird\Assets\Scripts\BirdController.cs:53 

(Filename: Assets/Scripts/BirdController.cs Line: 53)

Unloading 17 Unused Serialized files (Serialized files now loaded: 0)
Loaded scene 'Temp/__Backupscenes/0.backup'
	Deserialize:            0.557 ms
	Integration:            498.126 ms
	Integration of assets:  0.002 ms
	Thread Wait Time:       0.023 ms
	Total Operation Time:   498.707 ms
Unloading 15 unused Assets / (0.5 MB). Loaded Objects now: 9773.
Memory consumption went from 0.70 GB to 0.70 GB.
Total: 31.364000 ms (FindLiveObjects: 0.582100 ms CreateObjectMapping: 0.755200 ms MarkObjects: 29.808200 ms  DeleteObjects: 0.217300 ms)

[Licensing::Client] Successfully resolved entitlement details
Asset Pipeline Refresh (id=31aa61406a64dc840933d794c14bc230): Total: 0.044 seconds - Initiated by RefreshV2(AllowForceSynchronousImport)
Asset Pipeline Refresh (id=bc7243174d572bf43a0993ef8cbfd0c4): Total: 0.004 seconds - Initiated by RefreshV2(AllowForceSynchronousImport)
[Worker0] Imported GUID: 5b2d266a0a155b14ebcf7cd2297a9e4e - Path: Assets/Sprite/Bird_01.png - Importer: PreviewImporter -> (ImportResultId: '205cc6a7a75f00ffdd8f091bd7a8f6e0') in 0.0264075 seconds
[Worker0] Imported GUID: 01b55ab3a182fae4f88715f6655e5f42 - Path: Assets/Sprite/Bird_02.png - Importer: PreviewImporter -> (ImportResultId: '42071587bf910e4b1549e6f644842a87') in 0.0258799 seconds
[Worker0] Imported GUID: 331d9a28ac9064d48b827bd6e3f5f7a1 - Path: Assets/Sprite/Bird_03.png - Importer: PreviewImporter -> (ImportResultId: '244a21bad1c65ebb0650b932e06390c9') in 0.0259078 seconds
Asset Pipeline Refresh (id=0782026de81554045a369ef26446ad13): Total: 0.004 seconds - Initiated by RefreshV2(AllowForceSynchronousImport)
Asset Pipeline Refresh (id=a08ee53de3721674d966df5f72d1a37c): Total: 0.008 seconds - Initiated by RefreshV2(AllowForceSynchronousImport)
SpriteAtlasPacking completed in 0.009191 sec
Entering Playmode with Reload Domain disabled.
If you experience any issues, please disable "Enter Play Mode Options" in Editor Settings
Loaded scene 'Temp/__Backupscenes/0.backup'
	Deserialize:            0.729 ms
	Integration:            365.184 ms
	Integration of assets:  0.037 ms
	Thread Wait Time:       0.015 ms
	Total Operation Time:   365.966 ms
Unloading 3 Unused Serialized files (Serialized files now loaded: 0)
Loaded scene 'Temp/__Backupscenes/0.backup'
	Deserialize:            0.387 ms
	Integration:            488.097 ms
	Integration of assets:  0.001 ms
	Thread Wait Time:       0.014 ms
	Total Operation Time:   488.499 ms
Unloading 3 unused Assets / (273.5 KB). Loaded Objects now: 9775.
Memory consumption went from 0.69 GB to 0.69 GB.
Total: 35.253600 ms (FindLiveObjects: 0.625800 ms CreateObjectMapping: 0.942300 ms MarkObjects: 33.649000 ms  DeleteObjects: 0.035400 ms)

[Licensing::Client] Successfully resolved entitlement details
Launched and connected shader compiler UnityShaderCompiler.exe after 0.01 seconds
Launched and connected shader compiler UnityShaderCompiler.exe after 0.01 seconds
Launched and connected shader compiler UnityShaderCompiler.exe after 0.01 seconds
Asset Pipeline Refresh (id=bb6db4583f516bd48a84280ba0e58f67): Total: 0.009 seconds - Initiated by RefreshV2(AllowForceSynchronousImport)
SpriteAtlasPacking completed in 0.007050 sec
Entering Playmode with Reload Domain disabled.
If you experience any issues, please disable "Enter Play Mode Options" in Editor Settings
Loaded scene 'Temp/__Backupscenes/0.backup'
	Deserialize:            2.205 ms
	Integration:            380.469 ms
	Integration of assets:  0.060 ms
	Thread Wait Time:       0.014 ms
	Total Operation Time:   382.748 ms
NullReferenceException: Object reference not set to an instance of an object
  at GameManager.Play () [0x00007] in C:\Users\hugol\FlappyBird\Assets\Scripts\GameManager.cs:22 
  at UnityEngine.Events.InvokableCall.Invoke () [0x0000d] in <2f52b751ded44e96b74c2c8a24c6c65b>:0 
  at UnityEngine.Events.UnityEvent.Invoke () [0x0001b] in <2f52b751ded44e96b74c2c8a24c6c65b>:0 
  at UnityEngine.UI.Button.Press () [0x0001c] in .\Library\PackageCache\com.unity.ugui@1c4864518158\Runtime\UGUI\UI\Core\Button.cs:71 
  at UnityEngine.UI.Button.OnPointerClick (UnityEngine.EventSystems.PointerEventData eventData) [0x00009] in .\Library\PackageCache\com.unity.ugui@1c4864518158\Runtime\UGUI\UI\Core\Button.cs:115 
  at UnityEngine.EventSystems.ExecuteEvents.Execute (UnityEngine.EventSystems.IPointerClickHandler handler, UnityEngine.EventSystems.BaseEventData eventData) [0x00000] in .\Library\PackageCache\com.unity.ugui@1c4864518158\Runtime\UGUI\EventSystem\ExecuteEvents.cs:57 
  at UnityEngine.EventSystems.ExecuteEvents.Execute[T] (UnityEngine.GameObject target, UnityEngine.EventSystems.BaseEventData eventData, UnityEngine.EventSystems.ExecuteEvents+EventFunction`1[T1] functor) [0x00067] in .\Library\PackageCache\com.unity.ugui@1c4864518158\Runtime\UGUI\EventSystem\ExecuteEvents.cs:272 
UnityEngine.DebugLogHandler:Internal_LogException_Injected(Exception, IntPtr)
UnityEngine.DebugLogHandler:Internal_LogException(Exception, Object)
UnityEngine.DebugLogHandler:LogException(Exception, Object)
UnityEngine.Logger:LogException(Exception, Object)
UnityEngine.Debug:LogException(Exception)
UnityEngine.EventSystems.ExecuteEvents:Execute(GameObject, BaseEventData, EventFunction`1) (at .\Library\PackageCache\com.unity.ugui@1c4864518158\Runtime\UGUI\EventSystem\ExecuteEvents.cs:276)
UnityEngine.InputSystem.UI.InputSystemUIInputModule:ProcessPointerButton(ButtonState&, PointerEventData) (at .\Library\PackageCache\com.unity.inputsystem@7a4e1a2a8194\InputSystem\Runtime\Plugins\UI\InputSystemUIInputModule.cs:727)
UnityEngine.InputSystem.UI.InputSystemUIInputModule:ProcessPointer(PointerModel&) (at .\Library\PackageCache\com.unity.inputsystem@7a4e1a2a8194\InputSystem\Runtime\Plugins\UI\InputSystemUIInputModule.cs:486)
UnityEngine.InputSystem.UI.InputSystemUIInputModule:Process() (at .\Library\PackageCache\com.unity.inputsystem@7a4e1a2a8194\InputSystem\Runtime\Plugins\UI\InputSystemUIInputModule.cs:2405)
UnityEngine.EventSystems.EventSystem:Update() (at .\Library\PackageCache\com.unity.ugui@1c4864518158\Runtime\UGUI\EventSystem\EventSystem.cs:516)

(Filename: Assets/Scripts/GameManager.cs Line: 22)

Unloading 16 Unused Serialized files (Serialized files now loaded: 0)
Loaded scene 'Temp/__Backupscenes/0.backup'
	Deserialize:            0.905 ms
	Integration:            452.598 ms
	Integration of assets:  0.001 ms
	Thread Wait Time:       0.012 ms
	Total Operation Time:   453.516 ms
Unloading 34 unused Assets / (302.8 KB). Loaded Objects now: 9890.
Memory consumption went from 0.71 GB to 0.71 GB.
Total: 36.900200 ms (FindLiveObjects: 0.635900 ms CreateObjectMapping: 0.751200 ms MarkObjects: 35.406900 ms  DeleteObjects: 0.104900 ms)

[Licensing::Client] Successfully resolved entitlement details
Asset Pipeline Refresh (id=3494680091504904c8f72100150724aa): Total: 0.008 seconds - Initiated by RefreshV2(AllowForceSynchronousImport)
Asset Pipeline Refresh (id=01556937bbbf84e40942e31b5f7682e8): Total: 0.004 seconds - Initiated by RefreshV2(AllowForceSynchronousImport)
Asset Pipeline Refresh (id=59caf17c05d7e6b428fa8a2d9f3a4f57): Total: 0.004 seconds - Initiated by RefreshV2(AllowForceSynchronousImport)
SpriteAtlasPacking completed in 0.007097 sec
Entering Playmode with Reload Domain disabled.
If you experience any issues, please disable "Enter Play Mode Options" in Editor Settings
Loaded scene 'Temp/__Backupscenes/0.backup'
	Deserialize:            2.098 ms
	Integration:            397.949 ms
	Integration of assets:  0.084 ms
	Thread Wait Time:       0.011 ms
	Total Operation Time:   400.143 ms
NullReferenceException: Object reference not set to an instance of an object
  at GameManager.Play () [0x00007] in C:\Users\hugol\FlappyBird\Assets\Scripts\GameManager.cs:22 
  at UnityEngine.Events.InvokableCall.Invoke () [0x0000d] in <2f52b751ded44e96b74c2c8a24c6c65b>:0 
  at UnityEngine.Events.UnityEvent.Invoke () [0x0001b] in <2f52b751ded44e96b74c2c8a24c6c65b>:0 
  at UnityEngine.UI.Button.Press () [0x0001c] in .\Library\PackageCache\com.unity.ugui@1c4864518158\Runtime\UGUI\UI\Core\Button.cs:71 
  at UnityEngine.UI.Button.OnPointerClick (UnityEngine.EventSystems.PointerEventData eventData) [0x00009] in .\Library\PackageCache\com.unity.ugui@1c4864518158\Runtime\UGUI\UI\Core\Button.cs:115 
  at UnityEngine.EventSystems.ExecuteEvents.Execute (UnityEngine.EventSystems.IPointerClickHandler handler, UnityEngine.EventSystems.BaseEventData eventData) [0x00000] in .\Library\PackageCache\com.unity.ugui@1c4864518158\Runtime\UGUI\EventSystem\ExecuteEvents.cs:57 
  at UnityEngine.EventSystems.ExecuteEvents.Execute[T] (UnityEngine.GameObject target, UnityEngine.EventSystems.BaseEventData eventData, UnityEngine.EventSystems.ExecuteEvents+EventFunction`1[T1] functor) [0x00067] in .\Library\PackageCache\com.unity.ugui@1c4864518158\Runtime\UGUI\EventSystem\ExecuteEvents.cs:272 
UnityEngine.DebugLogHandler:Internal_LogException_Injected(Exception, IntPtr)
UnityEngine.DebugLogHandler:Internal_LogException(Exception, Object)
UnityEngine.DebugLogHandler:LogException(Exception, Object)
UnityEngine.Logger:LogException(Exception, Object)
UnityEngine.Debug:LogException(Exception)
UnityEngine.EventSystems.ExecuteEvents:Execute(GameObject, BaseEventData, EventFunction`1) (at .\Library\PackageCache\com.unity.ugui@1c4864518158\Runtime\UGUI\EventSystem\ExecuteEvents.cs:276)
UnityEngine.InputSystem.UI.InputSystemUIInputModule:ProcessPointerButton(ButtonState&, PointerEventData) (at .\Library\PackageCache\com.unity.inputsystem@7a4e1a2a8194\InputSystem\Runtime\Plugins\UI\InputSystemUIInputModule.cs:727)
UnityEngine.InputSystem.UI.InputSystemUIInputModule:ProcessPointer(PointerModel&) (at .\Library\PackageCache\com.unity.inputsystem@7a4e1a2a8194\InputSystem\Runtime\Plugins\UI\InputSystemUIInputModule.cs:486)
UnityEngine.InputSystem.UI.InputSystemUIInputModule:Process() (at .\Library\PackageCache\com.unity.inputsystem@7a4e1a2a8194\InputSystem\Runtime\Plugins\UI\InputSystemUIInputModule.cs:2405)
UnityEngine.EventSystems.EventSystem:Update() (at .\Library\PackageCache\com.unity.ugui@1c4864518158\Runtime\UGUI\EventSystem\EventSystem.cs:516)

(Filename: Assets/Scripts/GameManager.cs Line: 22)

Unloading 11 Unused Serialized files (Serialized files now loaded: 0)
Loaded scene 'Temp/__Backupscenes/0.backup'
	Deserialize:            0.995 ms
	Integration:            465.035 ms
	Integration of assets:  0.002 ms
	Thread Wait Time:       0.010 ms
	Total Operation Time:   466.043 ms
Unloading 5 unused Assets / (268.3 KB). Loaded Objects now: 9894.
Memory consumption went from 0.72 GB to 0.72 GB.
Total: 30.754500 ms (FindLiveObjects: 0.557600 ms CreateObjectMapping: 0.771200 ms MarkObjects: 29.358000 ms  DeleteObjects: 0.066800 ms)

[Licensing::Client] Successfully resolved entitlement details
SpriteAtlasPacking completed in 0.006537 sec
Entering Playmode with Reload Domain disabled.
If you experience any issues, please disable "Enter Play Mode Options" in Editor Settings
Loaded scene 'Temp/__Backupscenes/0.backup'
	Deserialize:            1.558 ms
	Integration:            354.127 ms
	Integration of assets:  0.078 ms
	Thread Wait Time:       0.022 ms
	Total Operation Time:   355.785 ms
Unloading 7 Unused Serialized files (Serialized files now loaded: 0)
Loaded scene 'Temp/__Backupscenes/0.backup'
	Deserialize:            0.610 ms
	Integration:            490.679 ms
	Integration of assets:  0.001 ms
	Thread Wait Time:       0.013 ms
	Total Operation Time:   491.303 ms
Unloading 1 unused Assets / (253.9 KB). Loaded Objects now: 9894.
Memory consumption went from 0.70 GB to 0.70 GB.
Total: 51.073500 ms (FindLiveObjects: 0.871600 ms CreateObjectMapping: 0.773000 ms MarkObjects: 49.268700 ms  DeleteObjects: 0.158100 ms)

SpriteAtlasPacking completed in 0.007701 sec
Entering Playmode with Reload Domain disabled.
If you experience any issues, please disable "Enter Play Mode Options" in Editor Settings
Loaded scene 'Temp/__Backupscenes/0.backup'
	Deserialize:            1.821 ms
	Integration:            498.311 ms
	Integration of assets:  0.043 ms
	Thread Wait Time:       0.007 ms
	Total Operation Time:   500.182 ms
Unloading 7 Unused Serialized files (Serialized files now loaded: 0)
Loaded scene 'Temp/__Backupscenes/0.backup'
	Deserialize:            0.941 ms
	Integration:            292.698 ms
	Integration of assets:  0.002 ms
	Thread Wait Time:       0.018 ms
	Total Operation Time:   293.658 ms
Unloading 1 unused Assets / (427.2 KB). Loaded Objects now: 9913.
Memory consumption went from 0.71 GB to 0.71 GB.
Total: 30.447800 ms (FindLiveObjects: 0.595600 ms CreateObjectMapping: 0.685500 ms MarkObjects: 29.040400 ms  DeleteObjects: 0.125200 ms)

SpriteAtlasPacking completed in 0.004649 sec
Entering Playmode with Reload Domain disabled.
If you experience any issues, please disable "Enter Play Mode Options" in Editor Settings
Loaded scene 'Temp/__Backupscenes/0.backup'
	Deserialize:            1.450 ms
	Integration:            430.388 ms
	Integration of assets:  0.066 ms
	Thread Wait Time:       0.015 ms
	Total Operation Time:   431.918 ms
Unloading 8 Unused Serialized files (Serialized files now loaded: 0)
Loaded scene 'Temp/__Backupscenes/0.backup'
	Deserialize:            0.645 ms
	Integration:            386.839 ms
	Integration of assets:  0.002 ms
	Thread Wait Time:       0.012 ms
	Total Operation Time:   387.497 ms
Unloading 2 unused Assets / (389.7 KB). Loaded Objects now: 9894.
Memory consumption went from 0.71 GB to 0.71 GB.
Total: 40.354200 ms (FindLiveObjects: 0.724700 ms CreateObjectMapping: 1.173600 ms MarkObjects: 38.310300 ms  DeleteObjects: 0.143600 ms)

[Licensing::Client] Successfully resolved entitlement details
SpriteAtlasPacking completed in 0.004489 sec
Entering Playmode with Reload Domain disabled.
If you experience any issues, please disable "Enter Play Mode Options" in Editor Settings
Loaded scene 'Temp/__Backupscenes/0.backup'
	Deserialize:            1.415 ms
	Integration:            399.862 ms
	Integration of assets:  0.040 ms
	Thread Wait Time:       0.012 ms
	Total Operation Time:   401.328 ms
Unloading 8 Unused Serialized files (Serialized files now loaded: 0)
Loaded scene 'Temp/__Backupscenes/0.backup'
	Deserialize:            0.987 ms
	Integration:            434.384 ms
	Integration of assets:  0.002 ms
	Thread Wait Time:       0.013 ms
	Total Operation Time:   435.385 ms
Unloading 2 unused Assets / (240.8 KB). Loaded Objects now: 9894.
Memory consumption went from 0.71 GB to 0.71 GB.
Total: 40.531200 ms (FindLiveObjects: 0.597900 ms CreateObjectMapping: 0.766300 ms MarkObjects: 39.118500 ms  DeleteObjects: 0.047300 ms)

SpriteAtlasPacking completed in 0.005328 sec
Entering Playmode with Reload Domain disabled.
If you experience any issues, please disable "Enter Play Mode Options" in Editor Settings
Loaded scene 'Temp/__Backupscenes/0.backup'
	Deserialize:            1.346 ms
	Integration:            451.746 ms
	Integration of assets:  0.058 ms
	Thread Wait Time:       0.017 ms
	Total Operation Time:   453.166 ms
Unloading 8 Unused Serialized files (Serialized files now loaded: 0)
Loaded scene 'Temp/__Backupscenes/0.backup'
	Deserialize:            0.845 ms
	Integration:            434.251 ms
	Integration of assets:  0.002 ms
	Thread Wait Time:       0.021 ms
	Total Operation Time:   435.120 ms
Unloading 2 unused Assets / (269.3 KB). Loaded Objects now: 9894.
Memory consumption went from 0.70 GB to 0.70 GB.
Total: 36.709200 ms (FindLiveObjects: 0.623200 ms CreateObjectMapping: 0.780000 ms MarkObjects: 35.234800 ms  DeleteObjects: 0.069900 ms)

[Licensing::Client] Successfully resolved entitlement details
SpriteAtlasPacking completed in 0.004798 sec
Entering Playmode with Reload Domain disabled.
If you experience any issues, please disable "Enter Play Mode Options" in Editor Settings
Loaded scene 'Temp/__Backupscenes/0.backup'
	Deserialize:            1.476 ms
	Integration:            365.208 ms
	Integration of assets:  0.046 ms
	Thread Wait Time:       0.023 ms
	Total Operation Time:   366.753 ms
Unloading 9 Unused Serialized files (Serialized files now loaded: 0)
Loaded scene 'Temp/__Backupscenes/0.backup'
	Deserialize:            0.856 ms
	Integration:            297.657 ms
	Integration of assets:  0.001 ms
	Thread Wait Time:       0.020 ms
	Total Operation Time:   298.534 ms
Unloading 2 unused Assets / (358.8 KB). Loaded Objects now: 9921.
Memory consumption went from 0.71 GB to 0.71 GB.
Total: 31.166800 ms (FindLiveObjects: 0.605500 ms CreateObjectMapping: 0.769300 ms MarkObjects: 29.638400 ms  DeleteObjects: 0.152300 ms)

[Licensing::Client] Successfully resolved entitlement details
SpriteAtlasPacking completed in 0.007920 sec
Entering Playmode with Reload Domain disabled.
If you experience any issues, please disable "Enter Play Mode Options" in Editor Settings
Loaded scene 'Temp/__Backupscenes/0.backup'
	Deserialize:            1.631 ms
	Integration:            470.031 ms
	Integration of assets:  0.048 ms
	Thread Wait Time:       0.015 ms
	Total Operation Time:   471.725 ms
Unloading 7 Unused Serialized files (Serialized files now loaded: 0)
Loaded scene 'Temp/__Backupscenes/0.backup'
	Deserialize:            0.602 ms
	Integration:            331.218 ms
	Integration of assets:  0.001 ms
	Thread Wait Time:       0.014 ms
	Total Operation Time:   331.835 ms
Unloading 1 unused Assets / (382.5 KB). Loaded Objects now: 9921.
Memory consumption went from 0.72 GB to 0.72 GB.
Total: 35.151600 ms (FindLiveObjects: 0.611800 ms CreateObjectMapping: 1.018200 ms MarkObjects: 33.412500 ms  DeleteObjects: 0.108200 ms)

SpriteAtlasPacking completed in 0.004805 sec
Entering Playmode with Reload Domain disabled.
If you experience any issues, please disable "Enter Play Mode Options" in Editor Settings
Loaded scene 'Temp/__Backupscenes/0.backup'
	Deserialize:            1.974 ms
	Integration:            423.790 ms
	Integration of assets:  0.062 ms
	Thread Wait Time:       0.014 ms
	Total Operation Time:   425.840 ms
Unloading 8 Unused Serialized files (Serialized files now loaded: 0)
Loaded scene 'Temp/__Backupscenes/0.backup'
	Deserialize:            0.638 ms
	Integration:            608.250 ms
	Integration of assets:  0.001 ms
	Thread Wait Time:       0.012 ms
	Total Operation Time:   608.902 ms
Unloading 1 unused Assets / (346.6 KB). Loaded Objects now: 9899.
Memory consumption went from 0.71 GB to 0.71 GB.
Total: 35.286800 ms (FindLiveObjects: 0.620800 ms CreateObjectMapping: 1.951600 ms MarkObjects: 32.659900 ms  DeleteObjects: 0.053200 ms)

[Licensing::Client] Successfully resolved entitlement details
Asset Pipeline Refresh (id=ca96cb88e1570fa468cb6848f57c10c8): Total: 0.009 seconds - Initiated by RefreshV2(AllowForceSynchronousImport)
Scanning for USB devices : 3.878ms
[Licensing::Client] Successfully resolved entitlement details
Scanning for USB devices : 3.362ms
Asset Pipeline Refresh (id=92bcd9934337a8042b132ca0fd5dfb45): Total: 0.005 seconds - Initiated by RefreshV2(AllowForceSynchronousImport)
Scanning for USB devices : 15.281ms
Asset Pipeline Refresh (id=4b0d78e47abd8ba4686b81b3a9b08207): Total: 0.012 seconds - Initiated by RefreshV2(AllowForceSynchronousImport)
Importing 'GUID: da6c875428789914494581ad0962884b - Path: Assets/flappybird.unity' with importer (DefaultImporter)
Imported 'GUID: da6c875428789914494581ad0962884b' -> (Import Result ID: '828ffd8d93ae06487553dac58d60cd56') in 0.006 seconds [static dependencies only]. Details - ImportResultOutputID=324669382ab71b64018e516799330331 DependenciesID=fed1ef976774bde85c2141e7e74bb8c4 StaticDependenciesID=ecda45d382dfe2e1ca09c1df9c7391fc 
Refreshing native plugins compatible for Editor in 4.54 ms, found 5 plugins.
Asset Pipeline Refresh (id=f9a0b4ffb35700c4c8161d88d282ad05): Total: 0.246 seconds - Initiated by StopAssetImportingV2(NoUpdateAssetOptions)
[Worker0] Imported GUID: da6c875428789914494581ad0962884b - Path: Assets/flappybird.unity - Importer: ScriptedImporter/UnityEditor.QuickSearchModule:UnityEditor.Search:ASIAI0B -> (ImportResultId: '38b5a268eabfbeb7330475c4bf6d4cff') in 0.043289 seconds
[Licensing::Client] Successfully updated the access token
[Licensing::Module] Successfully updated access token: "e-6x8vAG"... (expires: 2026-08-27T17:08:14Z)
UPID Received '4344061b-91fc-4309-8529-20f9da0f756f'.
MonoPathRemapper: Attempts to remap: 76581; Successful remaps: 28952
Serialized file version minimum: 22, current 23
[LAYOUT] About to save layout C:\Users\hugol\FlappyBird\UserSettings\Layouts\default-6000.dwlt
[LAYOUT] About to save layout C:/Users/hugol/AppData/Roaming/Unity/Editor-5.x/Preferences\Layouts\current\default-6000.dwlt
Input System module state changed to: ShutdownInProgress.
Input Polling Thread exited.
Input System module state changed to: Shutdown.
IPCStream (Upm-16676): IPC stream failed to read (Not connected)
